step,samples,episodes,epoch,loss,grad_norm,lr,update_s,data_s
20,1000,21,0.01,11.788,175.268,0.0001,0.207,0.08
40,3000,43,0.01,3.129,37.93,0.0001,0.112,0.007
60,4000,64,0.02,2.628,35.728,0.0001,0.109,0.005
80,5000,86,0.02,2.327,34.169,0.0001,0.116,0.005
100,6000,107,0.03,2.127,33.709,0.0001,0.109,0.005
120,8000,128,0.03,1.869,31.032,0.0001,0.105,0.006
140,9000,150,0.04,1.733,28.189,0.0001,0.104,0.007
160,10000,171,0.04,1.563,26.271,0.0001,0.109,0.005
180,12000,192,0.05,1.423,25.05,0.0001,0.102,0.007
200,13000,214,0.05,1.309,23.57,0.0001,0.108,0.006
220,14000,235,0.06,1.205,21.86,0.0001,0.109,0.005
240,15000,257,0.06,1.129,20.279,0.0001,0.103,0.008
260,17000,278,0.07,1.054,19.078,0.0001,0.103,0.006
280,18000,299,0.07,0.987,18.648,0.0001,0.109,0.007
300,19000,321,0.08,0.929,17.368,0.0001,0.103,0.007
320,20000,342,0.09,0.886,15.636,0.0001,0.105,0.005
340,22000,363,0.09,0.849,15.358,0.0001,0.102,0.006
360,23000,385,0.1,0.812,14.864,0.0001,0.106,0.007
380,24000,406,0.1,0.799,13.848,0.0001,0.106,0.007
400,26000,428,0.11,0.768,13.561,0.0001,0.108,0.006
420,27000,449,0.11,0.745,13.395,0.0001,0.109,0.007
440,28000,470,0.12,0.73,12.821,0.0001,0.105,0.005
460,29000,492,0.12,0.713,12.247,0.0001,0.11,0.005
480,31000,513,0.13,0.702,11.873,0.0001,0.108,0.007
500,32000,534,0.13,0.677,10.921,0.0001,0.102,0.005
520,33000,556,0.14,0.655,10.628,0.0001,0.111,0.006
540,35000,577,0.14,0.65,9.521,0.0001,0.112,0.007
560,36000,599,0.15,0.651,10.084,0.0001,0.107,0.005
580,37000,620,0.15,0.639,10.782,0.0001,0.109,0.006
600,38000,641,0.16,0.628,9.539,0.0001,0.108,0.006
620,40000,663,0.16,0.624,9.49,0.0001,0.109,0.005
640,41000,684,0.17,0.605,8.742,0.0001,0.108,0.007
660,42000,705,0.18,0.588,8.463,0.0001,0.109,0.006
680,44000,727,0.18,0.58,8.249,0.0001,0.107,0.008
700,45000,748,0.19,0.588,8.11,0.0001,0.104,0.007
720,46000,770,0.19,0.575,7.639,0.0001,0.109,0.007
740,47000,791,0.2,0.574,7.472,0.0001,0.11,0.006
760,49000,812,0.2,0.567,7.299,0.0001,0.112,0.007
780,50000,834,0.21,0.553,6.881,0.0001,0.11,0.007
800,51000,855,0.21,0.562,7.357,0.0001,0.107,0.006
820,52000,876,0.22,0.548,7.922,0.0001,0.112,0.008
840,54000,898,0.22,0.545,6.625,0.0001,0.112,0.006
860,55000,919,0.23,0.546,6.993,0.0001,0.112,0.005
880,56000,941,0.23,0.549,7.1,0.0001,0.107,0.005
900,58000,962,0.24,0.555,6.322,0.0001,0.104,0.006
920,59000,983,0.24,0.529,5.965,0.0001,0.108,0.005
940,60000,1000,0.25,0.54,5.847,0.0001,0.108,0.005
960,61000,1000,0.26,0.542,5.947,0.0001,0.11,0.007
980,63000,1000,0.26,0.517,5.835,0.0001,0.105,0.007
1000,64000,1000,0.27,0.531,6.257,0.0001,0.106,0.005
1000,65000,1000,0.27,0.523,6.584,0.0001,0.103,0.005
1000,67000,1000,0.28,0.512,5.876,0.0001,0.11,0.006
1000,68000,1000,0.28,0.52,5.918,0.0001,0.108,0.006
1000,69000,1000,0.29,0.502,5.715,0.0001,0.105,0.006
1000,70000,1000,0.29,0.518,6.191,0.0001,0.116,0.005
1000,72000,1000,0.3,0.504,6.154,0.0001,0.11,0.005
1000,73000,1000,0.3,0.515,5.53,0.0001,0.113,0.005
1000,74000,1000,0.31,0.506,5.608,0.0001,0.107,0.006
1000,76000,1000,0.31,0.51,5.555,0.0001,0.114,0.006
1000,77000,1000,0.32,0.499,5.181,0.0001,0.123,0.006
1000,78000,1000,0.32,0.509,5.191,0.0001,0.117,0.006
1000,79000,1000,0.33,0.496,5.102,0.0001,0.131,0.007
1000,81000,1000,0.33,0.502,4.993,0.0001,0.11,0.008
1000,82000,1000,0.34,0.497,5.047,0.0001,0.118,0.006
1000,83000,1000,0.35,0.492,5.67,0.0001,0.124,0.009
1000,84000,1000,0.35,0.486,5.028,0.0001,0.114,0.006
1000,86000,1000,0.36,0.489,5.051,0.0001,0.117,0.007
1000,87000,1000,0.36,0.491,4.72,0.0001,0.125,0.006
1000,88000,1000,0.37,0.486,4.64,0.0001,0.115,0.006
1000,90000,1000,0.37,0.486,4.557,0.0001,0.12,0.007
1000,91000,2000,0.38,0.486,4.992,0.0001,0.124,0.009
1000,92000,2000,0.38,0.491,4.937,0.0001,0.114,0.008
1000,93000,2000,0.39,0.479,4.395,0.0001,0.128,0.007
1000,95000,2000,0.39,0.491,4.317,0.0001,0.115,0.006
2000,96000,2000,0.4,0.473,4.431,0.0001,0.121,0.006
2000,97000,2000,0.4,0.48,4.667,0.0001,0.128,0.011
2000,99000,2000,0.41,0.469,4.972,0.0001,0.124,0.006
2000,100000,2000,0.41,0.475,4.469,0.0001,0.116,0.006
2000,101000,2000,0.42,0.464,4.584,0.0001,0.115,0.006
2000,102000,2000,0.43,0.489,4.543,0.0001,0.112,0.007
2000,104000,2000,0.43,0.47,4.211,0.0001,0.113,0.008
2000,105000,2000,0.44,0.472,4.269,0.0001,0.12,0.006
2000,106000,2000,0.44,0.474,4.491,0.0001,0.116,0.006
2000,108000,2000,0.45,0.491,4.384,0.0001,0.11,0.005
2000,109000,2000,0.45,0.463,4.528,0.0001,0.114,0.005
2000,110000,2000,0.46,0.468,4.27,0.0001,0.118,0.006
2000,111000,2000,0.46,0.467,4.201,0.0001,0.12,0.006
2000,113000,2000,0.47,0.467,4.141,0.0001,0.121,0.008
2000,114000,2000,0.47,0.462,4.164,0.0001,0.114,0.005
2000,115000,2000,0.48,0.458,3.839,0.0001,0.117,0.006
2000,116000,2000,0.48,0.464,4.105,0.0001,0.119,0.006
2000,118000,2000,0.49,0.464,4.198,0.0001,0.113,0.007
2000,119000,2000,0.49,0.467,3.869,0.0001,0.122,0.005
2000,120000,2000,0.5,0.459,4.138,0.0001,0.11,0.007
2000,122000,2000,0.51,0.467,4.071,0.0001,0.113,0.007
2000,123000,2000,0.51,0.464,4.022,0.0001,0.117,0.006
2000,124000,2000,0.52,0.456,3.681,0.0001,0.114,0.008
2000,125000,2000,0.52,0.459,4.034,0.0001,0.117,0.006
2000,127000,2000,0.53,0.45,3.995,0.0001,0.116,0.006
2000,128000,2000,0.53,0.453,4.007,0.0001,0.108,0.007
2000,129000,2000,0.54,0.464,3.888,0.0001,0.108,0.007
2000,131000,2000,0.54,0.461,3.9,0.0001,0.111,0.006
2000,132000,2000,0.55,0.446,4.017,0.0001,0.109,0.008
2000,133000,2000,0.55,0.456,3.801,0.0001,0.107,0.006
2000,134000,2000,0.56,0.467,3.69,0.0001,0.112,0.009
2000,136000,2000,0.56,0.438,3.675,0.0001,0.11,0.006
2000,137000,2000,0.57,0.454,3.56,0.0001,0.109,0.006
2000,138000,2000,0.57,0.455,3.91,0.0001,0.106,0.008
2000,140000,2000,0.58,0.447,3.742,0.0001,0.123,0.009
2000,141000,2000,0.58,0.43,3.627,0.0001,0.126,0.006
2000,142000,2000,0.59,0.453,3.51,0.0001,0.116,0.006
2000,143000,2000,0.6,0.448,3.525,0.0001,0.121,0.008
2000,145000,2000,0.6,0.441,3.452,0.0001,0.111,0.009
2000,146000,2000,0.61,0.446,3.448,0.0001,0.11,0.006
2000,147000,2000,0.61,0.451,3.627,0.0001,0.12,0.007
2000,148000,2000,0.62,0.457,3.434,0.0001,0.114,0.006
2000,150000,3000,0.62,0.445,3.771,0.0001,0.111,0.006
2000,151000,3000,0.63,0.445,3.566,0.0001,0.119,0.01
2000,152000,3000,0.63,0.445,3.432,0.0001,0.116,0.006
2000,154000,3000,0.64,0.441,3.542,0.0001,0.121,0.007
2000,155000,3000,0.64,0.44,3.823,0.0001,0.116,0.009
2000,156000,3000,0.65,0.431,3.937,0.0001,0.11,0.007
2000,157000,3000,0.65,0.43,3.441,0.0001,0.111,0.007
2000,159000,3000,0.66,0.442,3.743,0.0001,0.114,0.008
2000,160000,3000,0.66,0.433,3.331,0.0001,0.106,0.007
3000,161000,3000,0.67,0.43,3.181,0.0001,0.109,0.006
3000,163000,3000,0.68,0.443,3.542,0.0001,0.106,0.006
3000,164000,3000,0.68,0.435,3.165,0.0001,0.108,0.005
3000,165000,3000,0.69,0.443,3.434,0.0001,0.109,0.006
3000,166000,3000,0.69,0.442,3.503,0.0001,0.118,0.006
3000,168000,3000,0.7,0.424,3.213,0.0001,0.116,0.006
3000,169000,3000,0.7,0.43,3.293,0.0001,0.114,0.006
3000,170000,3000,0.71,0.422,3.515,0.0001,0.113,0.006
3000,172000,3000,0.71,0.433,3.484,0.0001,0.116,0.008
3000,173000,3000,0.72,0.444,3.437,0.0001,0.118,0.006
3000,174000,3000,0.72,0.437,3.022,0.0001,0.113,0.007
3000,175000,3000,0.73,0.436,3.249,0.0001,0.113,0.007
3000,177000,3000,0.73,0.436,3.085,0.0001,0.117,0.006
3000,178000,3000,0.74,0.431,3.273,0.0001,0.113,0.006
3000,179000,3000,0.74,0.443,3.404,0.0001,0.113,0.006
3000,180000,3000,0.75,0.434,3.171,0.0001,0.113,0.006
3000,182000,3000,0.75,0.418,2.915,0.0001,0.117,0.006
3000,183000,3000,0.76,0.425,3.041,0.0001,0.102,0.007
3000,184000,3000,0.77,0.425,2.896,0.0001,0.111,0.005
3000,186000,3000,0.77,0.433,3.198,0.0001,0.112,0.006
3000,187000,3000,0.78,0.409,3.369,0.0001,0.105,0.005
3000,188000,3000,0.78,0.427,3.042,0.0001,0.104,0.008
3000,189000,3000,0.79,0.432,3.238,0.0001,0.11,0.007
3000,191000,3000,0.79,0.422,3.353,0.0001,0.106,0.007
3000,192000,3000,0.8,0.418,3.058,0.0001,0.107,0.006
3000,193000,3000,0.8,0.422,2.898,0.0001,0.099,0.005
3000,195000,3000,0.81,0.42,2.986,0.0001,0.101,0.006
3000,196000,3000,0.81,0.431,3.317,0.0001,0.109,0.005
3000,197000,3000,0.82,0.419,3.273,0.0001,0.115,0.005
3000,198000,3000,0.82,0.43,3.369,0.0001,0.113,0.006
3000,200000,3000,0.83,0.424,3.373,0.0001,0.122,0.005
3000,201000,3000,0.83,0.418,3.022,0.0001,0.117,0.005
3000,202000,3000,0.84,0.414,2.889,0.0001,0.113,0.007
3000,204000,3000,0.85,0.412,2.883,0.0001,0.119,0.006
3000,205000,3000,0.85,0.412,2.955,0.0001,0.127,0.008
3000,206000,3000,0.86,0.423,3.135,0.0001,0.123,0.006
3000,207000,3000,0.86,0.419,2.904,0.0001,0.124,0.009
3000,209000,3000,0.87,0.418,2.764,0.0001,0.109,0.006
3000,210000,4000,0.87,0.415,2.839,0.0001,0.119,0.006
3000,211000,4000,0.88,0.416,2.851,0.0001,0.127,0.007
3000,212000,4000,0.88,0.43,3.213,0.0001,0.115,0.006
3000,214000,4000,0.89,0.427,2.902,0.0001,0.11,0.006
3000,215000,4000,0.89,0.421,3.006,0.0001,0.12,0.007
3000,216000,4000,0.9,0.428,2.91,0.0001,0.116,0.005
3000,218000,4000,0.9,0.424,2.816,0.0001,0.11,0.006
3000,219000,4000,0.91,0.412,2.798,0.0001,0.113,0.01
3000,220000,4000,0.91,0.419,2.765,0.0001,0.106,0.007
3000,221000,4000,0.92,0.417,2.862,0.0001,0.109,0.005
3000,223000,4000,0.93,0.415,2.958,0.0001,0.117,0.01
4000,224000,4000,0.93,0.412,3.007,0.0001,0.106,0.006
4000,225000,4000,0.94,0.423,2.796,0.0001,0.116,0.006
4000,227000,4000,0.94,0.412,3.034,0.0001,0.112,0.006
4000,228000,4000,0.95,0.403,2.802,0.0001,0.106,0.005
4000,229000,4000,0.95,0.423,2.824,0.0001,0.111,0.007
4000,230000,4000,0.96,0.41,2.883,0.0001,0.118,0.006
4000,232000,4000,0.96,0.413,2.728,0.0001,0.125,0.009
4000,233000,4000,0.97,0.402,2.884,0.0001,0.115,0.006
4000,234000,4000,0.97,0.407,2.797,0.0001,0.113,0.006
4000,236000,4000,0.98,0.4,2.987,0.0001,0.116,0.006
4000,237000,4000,0.98,0.409,2.811,0.0001,0.12,0.006
4000,238000,4000,0.99,0.404,2.765,0.0001,0.111,0.006
4000,239000,4000,0.99,0.403,2.777,0.0001,0.11,0.005
4000,241000,4000,1.0,0.402,3.051,0.0001,0.101,0.006
4000,242000,4000,1.0,0.401,3.495,0.0001,0.114,0.09
4000,243000,4000,1.01,0.411,3.011,0.0001,0.104,0.007
4000,244000,4000,1.02,0.392,2.878,0.0001,0.105,0.006
4000,246000,4000,1.02,0.399,2.851,0.0001,0.106,0.005
4000,247000,4000,1.03,0.41,2.928,0.0001,0.106,0.005
4000,248000,4000,1.03,0.387,2.802,0.0001,0.101,0.006
4000,250000,4000,1.04,0.407,2.688,0.0001,0.105,0.005
4000,251000,4000,1.04,0.397,2.79,0.0001,0.103,0.006
4000,252000,4000,1.05,0.397,2.734,0.0001,0.107,0.006
4000,253000,4000,1.05,0.395,2.744,0.0001,0.113,0.008
4000,255000,4000,1.06,0.404,2.624,0.0001,0.105,0.009
4000,256000,4000,1.06,0.395,2.839,0.0001,0.107,0.006
4000,257000,4000,1.07,0.411,2.769,0.0001,0.109,0.005
4000,259000,4000,1.07,0.4,2.65,0.0001,0.113,0.005
4000,260000,4000,1.08,0.41,2.767,0.0001,0.117,0.007
4000,261000,4000,1.08,0.377,2.7,0.0001,0.114,0.005
4000,262000,4000,1.09,0.39,2.892,0.0001,0.111,0.005
4000,264000,4000,1.1,0.412,2.816,0.0001,0.112,0.006
4000,265000,4000,1.1,0.414,2.867,0.0001,0.118,0.006
4000,266000,4000,1.11,0.402,2.637,0.0001,0.115,0.005
4000,268000,4000,1.11,0.398,2.753,0.0001,0.121,0.006
4000,269000,4000,1.12,0.393,2.961,0.0001,0.126,0.007
4000,270000,5000,1.12,0.411,2.882,0.0001,0.118,0.006
4000,271000,5000,1.13,0.401,2.749,0.0001,0.112,0.007
4000,273000,5000,1.13,0.397,2.713,0.0001,0.119,0.008
4000,274000,5000,1.14,0.384,2.665,0.0001,0.101,0.006
4000,275000,5000,1.14,0.395,2.647,0.0001,0.111,0.006
4000,276000,5000,1.15,0.385,2.52,0.0001,0.125,0.007
4000,278000,5000,1.15,0.399,2.682,0.0001,0.11,0.006
4000,279000,5000,1.16,0.399,2.672,0.0001,0.118,0.006
4000,280000,5000,1.16,0.396,2.596,0.0001,0.117,0.01
4000,282000,5000,1.17,0.402,2.612,0.0001,0.109,0.005
4000,283000,5000,1.17,0.407,2.663,0.0001,0.106,0.005
4000,284000,5000,1.18,0.391,2.583,0.0001,0.119,0.008
4000,285000,5000,1.19,0.4,2.797,0.0001,0.11,0.006
4000,287000,5000,1.19,0.398,2.499,0.0001,0.123,0.008
4000,288000,5000,1.2,0.401,2.666,0.0001,0.117,0.009
5000,289000,5000,1.2,0.391,2.745,0.0001,0.108,0.007
5000,291000,5000,1.21,0.387,2.92,0.0001,0.11,0.007
5000,292000,5000,1.21,0.387,2.697,0.0001,0.109,0.006
5000,293000,5000,1.22,0.394,2.716,0.0001,0.109,0.006
5000,294000,5000,1.22,0.387,2.607,0.0001,0.105,0.007
5000,296000,5000,1.23,0.389,2.752,0.0001,0.12,0.006
5000,297000,5000,1.23,0.391,3.113,0.0001,0.116,0.007
5000,298000,5000,1.24,0.398,2.816,0.0001,0.121,0.007
5000,300000,5000,1.24,0.384,2.808,0.0001,0.108,0.005
5000,301000,5000,1.25,0.386,2.769,0.0001,0.106,0.007
5000,302000,5000,1.25,0.393,2.492,0.0001,0.117,0.006
5000,303000,5000,1.26,0.393,2.695,0.0001,0.11,0.005
5000,305000,5000,1.27,0.379,2.727,0.0001,0.106,0.006
5000,306000,5000,1.27,0.391,2.585,0.0001,0.108,0.005
5000,307000,5000,1.28,0.382,2.66,0.0001,0.108,0.005
5000,308000,5000,1.28,0.374,2.606,0.0001,0.108,0.006
5000,310000,5000,1.29,0.39,2.859,0.0001,0.113,0.007
5000,311000,5000,1.29,0.382,2.653,0.0001,0.107,0.006
5000,312000,5000,1.3,0.385,2.698,0.0001,0.109,0.006
5000,314000,5000,1.3,0.381,2.713,0.0001,0.105,0.005
5000,315000,5000,1.31,0.389,3.005,0.0001,0.106,0.007
5000,316000,5000,1.31,0.389,3.104,0.0001,0.107,0.005
5000,317000,5000,1.32,0.381,2.742,0.0001,0.106,0.005
5000,319000,5000,1.32,0.388,2.618,0.0001,0.114,0.006
5000,320000,5000,1.33,0.384,2.651,0.0001,0.103,0.005
5000,321000,5000,1.33,0.391,2.672,0.0001,0.104,0.006
5000,323000,5000,1.34,0.378,2.401,0.0001,0.108,0.006
5000,324000,5000,1.35,0.382,2.321,0.0001,0.109,0.006
5000,325000,5000,1.35,0.381,2.704,0.0001,0.119,0.007
5000,326000,5000,1.36,0.387,2.784,0.0001,0.116,0.008
5000,328000,5000,1.36,0.391,2.746,0.0001,0.118,0.006
5000,329000,5000,1.37,0.382,2.685,0.0001,0.113,0.006
5000,330000,6000,1.37,0.385,2.807,0.0001,0.115,0.007
5000,332000,6000,1.38,0.383,2.789,0.0001,0.122,0.007
5000,333000,6000,1.38,0.391,2.739,0.0001,0.117,0.006
5000,334000,6000,1.39,0.388,2.557,0.0001,0.123,0.009
5000,335000,6000,1.39,0.388,2.825,0.0001,0.123,0.006
5000,337000,6000,1.4,0.384,2.871,0.0001,0.122,0.006
5000,338000,6000,1.4,0.381,3.011,0.0001,0.117,0.008
5000,339000,6000,1.41,0.382,2.747,0.0001,0.108,0.006
5000,340000,6000,1.41,0.377,2.994,0.0001,0.112,0.006
5000,342000,6000,1.42,0.378,2.856,0.0001,0.13,0.009
5000,343000,6000,1.42,0.386,2.734,0.0001,0.111,0.006
5000,344000,6000,1.43,0.386,2.858,0.0001,0.111,0.007
5000,346000,6000,1.44,0.374,2.68,0.0001,0.122,0.007
5000,347000,6000,1.44,0.376,2.746,0.0001,0.108,0.006
5000,348000,6000,1.45,0.384,2.682,0.0001,0.112,0.007
5000,349000,6000,1.45,0.383,2.642,0.0001,0.115,0.008
5000,351000,6000,1.46,0.377,2.561,0.0001,0.114,0.005
6000,352000,6000,1.46,0.369,2.448,0.0001,0.121,0.006
6000,353000,6000,1.47,0.383,2.614,0.0001,0.111,0.007
6000,355000,6000,1.47,0.378,2.6,0.0001,0.112,0.007
6000,356000,6000,1.48,0.383,2.682,0.0001,0.116,0.006
6000,357000,6000,1.48,0.388,2.753,0.0001,0.114,0.006
6000,358000,6000,1.49,0.38,2.658,0.0001,0.108,0.007
6000,360000,6000,1.49,0.381,2.702,0.0001,0.109,0.006
6000,361000,6000,1.5,0.39,2.809,0.0001,0.127,0.007
6000,362000,6000,1.5,0.377,2.639,0.0001,0.121,0.006
6000,364000,6000,1.51,0.373,2.568,0.0001,0.107,0.006
6000,365000,6000,1.52,0.374,2.512,0.0001,0.106,0.006
6000,366000,6000,1.52,0.384,2.684,0.0001,0.113,0.007
6000,367000,6000,1.53,0.377,2.604,0.0001,0.115,0.007
6000,369000,6000,1.53,0.377,2.613,0.0001,0.115,0.006
6000,370000,6000,1.54,0.372,2.548,0.0001,0.111,0.006
6000,371000,6000,1.54,0.372,2.553,0.0001,0.113,0.006
6000,372000,6000,1.55,0.379,2.89,0.0001,0.11,0.006
6000,374000,6000,1.55,0.367,2.724,0.0001,0.114,0.007
6000,375000,6000,1.56,0.374,2.578,0.0001,0.106,0.005
6000,376000,6000,1.56,0.383,2.607,0.0001,0.116,0.007
6000,378000,6000,1.57,0.38,2.746,0.0001,0.111,0.009
6000,379000,6000,1.57,0.374,2.527,0.0001,0.111,0.005
6000,380000,6000,1.58,0.378,2.742,0.0001,0.107,0.005
6000,381000,6000,1.58,0.376,2.953,0.0001,0.104,0.005
6000,383000,6000,1.59,0.365,2.666,0.0001,0.114,0.006
6000,384000,6000,1.59,0.374,2.562,0.0001,0.121,0.006
6000,385000,6000,1.6,0.38,2.78,0.0001,0.108,0.006
6000,387000,6000,1.61,0.373,3.013,0.0001,0.114,0.006
6000,388000,6000,1.61,0.386,2.722,0.0001,0.114,0.005
6000,389000,6000,1.62,0.386,2.891,0.0001,0.112,0.007
6000,390000,7000,1.62,0.381,2.62,0.0001,0.117,0.006
6000,392000,7000,1.63,0.366,2.672,0.0001,0.116,0.01
6000,393000,7000,1.63,0.383,2.776,0.0001,0.117,0.006
6000,394000,7000,1.64,0.374,2.942,0.0001,0.118,0.007
6000,396000,7000,1.64,0.386,2.579,0.0001,0.124,0.006
6000,397000,7000,1.65,0.379,2.69,0.0001,0.118,0.006
6000,398000,7000,1.65,0.382,2.801,0.0001,0.131,0.007
6000,399000,7000,1.66,0.369,2.639,0.0001,0.116,0.006
6000,401000,7000,1.66,0.377,2.501,0.0001,0.12,0.006
6000,402000,7000,1.67,0.371,2.625,0.0001,0.123,0.008
6000,403000,7000,1.67,0.37,2.714,0.0001,0.124,0.006
6000,404000,7000,1.68,0.367,2.705,0.0001,0.122,0.006
6000,406000,7000,1.69,0.371,2.579,0.0001,0.126,0.01
6000,407000,7000,1.69,0.369,2.722,0.0001,0.114,0.006
6000,408000,7000,1.7,0.383,2.742,0.0001,0.098,0.007
6000,410000,7000,1.7,0.366,2.677,0.0001,0.127,0.008
6000,411000,7000,1.71,0.376,2.673,0.0001,0.109,0.006
6000,412000,7000,1.71,0.383,2.659,0.0001,0.127,0.01
6000,413000,7000,1.72,0.371,2.861,0.0001,0.114,0.005
6000,415000,7000,1.72,0.373,2.575,0.0001,0.119,0.007
6000,416000,7000,1.73,0.361,2.6,0.0001,0.119,0.007
7000,417000,7000,1.73,0.37,2.681,0.0001,0.106,0.008
7000,419000,7000,1.74,0.359,2.428,0.0001,0.105,0.007
7000,420000,7000,1.74,0.372,2.636,0.0001,0.115,0.008
7000,421000,7000,1.75,0.37,2.536,0.0001,0.107,0.007
7000,422000,7000,1.75,0.358,2.75,0.0001,0.113,0.006
7000,424000,7000,1.76,0.378,2.479,0.0001,0.105,0.008
7000,425000,7000,1.76,0.361,2.576,0.0001,0.121,0.005
7000,426000,7000,1.77,0.36,2.339,0.0001,0.109,0.006
7000,428000,7000,1.78,0.37,2.413,0.0001,0.111,0.006
7000,429000,7000,1.78,0.37,2.516,0.0001,0.115,0.006
7000,430000,7000,1.79,0.364,2.435,0.0001,0.112,0.006
7000,431000,7000,1.79,0.364,2.566,0.0001,0.111,0.007
7000,433000,7000,1.8,0.357,2.602,0.0001,0.109,0.007
7000,434000,7000,1.8,0.365,2.793,0.0001,0.114,0.005
7000,435000,7000,1.81,0.372,3.239,0.0001,0.113,0.006
7000,436000,7000,1.81,0.356,2.568,0.0001,0.108,0.006
7000,438000,7000,1.82,0.364,2.373,0.0001,0.104,0.009
7000,439000,7000,1.82,0.364,2.563,0.0001,0.113,0.006
7000,440000,7000,1.83,0.35,2.509,0.0001,0.11,0.006
7000,442000,7000,1.83,0.373,2.736,0.0001,0.114,0.007
7000,443000,7000,1.84,0.377,2.929,0.0001,0.112,0.005
7000,444000,7000,1.84,0.38,2.49,0.0001,0.102,0.007
7000,445000,7000,1.85,0.37,2.605,0.0001,0.107,0.005
7000,447000,7000,1.86,0.368,3.052,0.0001,0.112,0.006
7000,448000,7000,1.86,0.372,2.799,0.0001,0.111,0.007
7000,449000,8000,1.87,0.362,2.561,0.0001,0.114,0.006
7000,451000,8000,1.87,0.367,2.503,0.0001,0.113,0.007
7000,452000,8000,1.88,0.37,2.659,0.0001,0.115,0.008
7000,453000,8000,1.88,0.371,2.549,0.0001,0.117,0.005
7000,454000,8000,1.89,0.365,2.692,0.0001,0.118,0.006
7000,456000,8000,1.89,0.367,2.641,0.0001,0.12,0.006
7000,457000,8000,1.9,0.376,2.852,0.0001,0.128,0.009
7000,458000,8000,1.9,0.365,2.637,0.0001,0.121,0.007
7000,460000,8000,1.91,0.375,2.457,0.0001,0.113,0.007
7000,461000,8000,1.91,0.359,2.486,0.0001,0.122,0.007
7000,462000,8000,1.92,0.361,2.541,0.0001,0.108,0.007
7000,463000,8000,1.92,0.366,2.5,0.0001,0.114,0.005
7000,465000,8000,1.93,0.363,2.64,0.0001,0.121,0.006
7000,466000,8000,1.94,0.371,2.433,0.0001,0.111,0.006
7000,467000,8000,1.94,0.368,2.409,0.0001,0.105,0.005
7000,468000,8000,1.95,0.355,2.438,0.0001,0.123,0.009
7000,470000,8000,1.95,0.371,2.584,0.0001,0.114,0.005
7000,471000,8000,1.96,0.365,2.946,0.0001,0.114,0.006
7000,472000,8000,1.96,0.364,2.754,0.0001,0.119,0.009
7000,474000,8000,1.97,0.359,2.751,0.0001,0.107,0.006
7000,475000,8000,1.97,0.362,2.804,0.0001,0.111,0.005
7000,476000,8000,1.98,0.357,2.574,0.0001,0.118,0.007
7000,477000,8000,1.98,0.364,2.671,0.0001,0.117,0.006
7000,479000,8000,1.99,0.362,2.737,0.0001,0.113,0.007
8000,480000,8000,1.99,0.363,2.992,0.0001,0.111,0.007
8000,481000,8000,2.0,0.354,2.579,0.0001,0.103,0.007
8000,483000,8000,2.0,0.367,3.727,0.0001,0.112,0.097
8000,484000,8000,2.01,0.348,3.154,0.0001,0.124,0.006
8000,485000,8000,2.01,0.357,2.735,0.0001,0.121,0.007
8000,486000,8000,2.02,0.357,2.524,0.0001,0.123,0.005
8000,488000,8000,2.03,0.344,2.542,0.0001,0.112,0.008
8000,489000,8000,2.03,0.368,2.616,0.0001,0.113,0.006
8000,490000,8000,2.04,0.353,2.507,0.0001,0.104,0.005
8000,492000,8000,2.04,0.352,2.423,0.0001,0.107,0.005
8000,493000,8000,2.05,0.352,2.28,0.0001,0.101,0.009
8000,494000,8000,2.05,0.351,2.278,0.0001,0.103,0.005
8000,495000,8000,2.06,0.345,2.336,0.0001,0.107,0.005
8000,497000,8000,2.06,0.351,2.338,0.0001,0.103,0.008
8000,498000,8000,2.07,0.348,2.311,0.0001,0.108,0.006
8000,499000,8000,2.07,0.35,2.483,0.0001,0.108,0.007
8000,500000,8000,2.08,0.35,2.41,0.0001,0.108,0.005
8000,502000,8000,2.08,0.348,2.745,0.0001,0.109,0.005
8000,503000,8000,2.09,0.352,2.419,0.0001,0.103,0.005
8000,504000,8000,2.09,0.354,2.449,0.0001,0.111,0.006
8000,506000,8000,2.1,0.35,2.544,0.0001,0.111,0.005
8000,507000,8000,2.11,0.349,2.312,0.0001,0.105,0.005
8000,508000,8000,2.11,0.348,2.295,0.0001,0.101,0.006
8000,509000,9000,2.12,0.346,2.486,0.0001,0.112,0.008
8000,511000,9000,2.12,0.345,2.381,0.0001,0.112,0.007
8000,512000,9000,2.13,0.345,2.597,0.0001,0.111,0.006
8000,513000,9000,2.13,0.345,2.639,0.0001,0.109,0.007
8000,515000,9000,2.14,0.342,2.687,0.0001,0.115,0.007
8000,516000,9000,2.14,0.359,2.594,0.0001,0.119,0.007
8000,517000,9000,2.15,0.357,2.647,0.0001,0.113,0.007
8000,518000,9000,2.15,0.355,2.497,0.0001,0.122,0.006
8000,520000,9000,2.16,0.344,2.592,0.0001,0.121,0.006
8000,521000,9000,2.16,0.355,2.247,0.0001,0.131,0.007
8000,522000,9000,2.17,0.344,2.264,0.0001,0.118,0.006
8000,524000,9000,2.17,0.353,2.749,0.0001,0.11,0.006
8000,525000,9000,2.18,0.346,2.861,0.0001,0.124,0.009
8000,526000,9000,2.18,0.34,2.94,0.0001,0.119,0.006
8000,527000,9000,2.19,0.35,2.578,0.0001,0.118,0.006
8000,529000,9000,2.2,0.338,2.614,0.0001,0.122,0.01
8000,530000,9000,2.2,0.344,2.601,0.0001,0.116,0.007
8000,531000,9000,2.21,0.347,2.879,0.0001,0.114,0.006
8000,532000,9000,2.21,0.353,2.699,0.0001,0.122,0.007
8000,534000,9000,2.22,0.342,2.668,0.0001,0.114,0.006
8000,535000,9000,2.22,0.339,2.402,0.0001,0.119,0.007
8000,536000,9000,2.23,0.345,2.302,0.0001,0.123,0.008
8000,538000,9000,2.23,0.356,2.441,0.0001,0.116,0.006
8000,539000,9000,2.24,0.341,2.374,0.0001,0.114,0.006
8000,540000,9000,2.24,0.348,2.567,0.0001,0.117,0.008
8000,541000,9000,2.25,0.346,2.532,0.0001,0.109,0.006
8000,543000,9000,2.25,0.352,2.483,0.0001,0.111,0.006
8000,544000,9000,2.26,0.347,2.61,0.0001,0.113,0.007
9000,545000,9000,2.26,0.346,2.473,0.0001,0.112,0.006
9000,547000,9000,2.27,0.346,2.358,0.0001,0.106,0.009
9000,548000,9000,2.28,0.351,2.978,0.0001,0.111,0.006
9000,549000,9000,2.28,0.351,3.188,0.0001,0.109,0.007
9000,550000,9000,2.29,0.342,2.581,0.0001,0.112,0.006
9000,552000,9000,2.29,0.345,2.851,0.0001,0.108,0.006
9000,553000,9000,2.3,0.346,2.667,0.0001,0.115,0.006
9000,554000,9000,2.3,0.341,2.48,0.0001,0.108,0.006
9000,556000,9000,2.31,0.35,2.404,0.0001,0.111,0.007
9000,557000,9000,2.31,0.346,2.401,0.0001,0.109,0.006
9000,558000,9000,2.32,0.347,2.205,0.0001,0.107,0.008
9000,559000,9000,2.32,0.343,2.372,0.0001,0.109,0.007
9000,561000,9000,2.33,0.34,2.461,0.0001,0.108,0.007
9000,562000,9000,2.33,0.345,2.699,0.0001,0.111,0.007
9000,563000,9000,2.34,0.34,2.51,0.0001,0.115,0.006
9000,564000,9000,2.34,0.345,2.585,0.0001,0.115,0.005
9000,566000,9000,2.35,0.351,2.456,0.0001,0.11,0.01
9000,567000,9000,2.36,0.353,2.521,0.0001,0.114,0.007
9000,568000,9000,2.36,0.349,2.726,0.0001,0.117,0.008
9000,570000,10000,2.37,0.345,2.709,0.0001,0.112,0.006
9000,571000,10000,2.37,0.342,2.566,0.0001,0.115,0.005
9000,572000,10000,2.38,0.342,2.714,0.0001,0.112,0.005
9000,573000,10000,2.38,0.333,2.988,0.0001,0.112,0.008
9000,575000,10000,2.39,0.347,3.07,0.0001,0.115,0.005
9000,576000,10000,2.39,0.342,3.043,0.0001,0.114,0.005
9000,577000,10000,2.4,0.343,2.563,0.0001,0.111,0.007
9000,579000,10000,2.4,0.349,2.368,0.0001,0.111,0.005
9000,580000,10000,2.41,0.349,2.065,0.0001,0.107,0.005
9000,581000,10000,2.41,0.352,2.253,0.0001,0.108,0.006
9000,582000,10000,2.42,0.345,2.283,0.0001,0.107,0.006
9000,584000,10000,2.42,0.339,2.35,0.0001,0.113,0.006
9000,585000,10000,2.43,0.336,2.243,0.0001,0.116,0.006
9000,586000,10000,2.43,0.337,2.287,0.0001,0.117,0.007
9000,588000,10000,2.44,0.344,2.458,0.0001,0.122,0.006
9000,589000,10000,2.45,0.346,2.59,0.0001,0.131,0.008
9000,590000,10000,2.45,0.341,2.872,0.0001,0.124,0.006
9000,591000,10000,2.46,0.343,3.049,0.0001,0.118,0.006
9000,593000,10000,2.46,0.356,5.199,0.0001,0.127,0.011
9000,594000,10000,2.47,0.362,10.962,0.0001,0.119,0.007
9000,595000,10000,2.47,0.351,6.391,0.0001,0.12,0.006
9000,596000,10000,2.48,0.341,3.021,0.0001,0.127,0.008
9000,598000,10000,2.48,0.351,2.513,0.0001,0.115,0.007
9000,599000,10000,2.49,0.325,2.404,0.0001,0.132,0.008
9000,600000,10000,2.49,0.345,2.677,0.0001,0.113,0.006
9000,602000,10000,2.5,0.345,2.141,0.0001,0.11,0.007
9000,603000,10000,2.5,0.346,2.312,0.0001,0.118,0.007
9000,604000,10000,2.51,0.336,2.279,0.0001,0.112,0.009
9000,605000,10000,2.51,0.338,2.228,0.0001,0.108,0.006
9000,607000,10000,2.52,0.343,2.12,0.0001,0.112,0.008
10000,608000,10000,2.53,0.332,2.163,0.0001,0.118,0.009
10000,609000,10000,2.53,0.342,1.82,0.0001,0.109,0.007
10000,611000,10000,2.54,0.329,2.189,0.0001,0.108,0.008
10000,612000,10000,2.54,0.334,2.212,0.0001,0.114,0.006
10000,613000,10000,2.55,0.336,2.334,0.0001,0.107,0.006
10000,614000,10000,2.55,0.343,2.279,0.0001,0.114,0.009
10000,616000,10000,2.56,0.35,2.109,0.0001,0.111,0.006
10000,617000,10000,2.56,0.342,2.123,0.0001,0.117,0.006
10000,618000,10000,2.57,0.34,2.053,0.0001,0.108,0.006
10000,620000,10000,2.57,0.334,1.893,0.0001,0.112,0.005
10000,621000,10000,2.58,0.332,2.069,0.0001,0.111,0.006
10000,622000,10000,2.58,0.333,2.394,0.0001,0.114,0.006
10000,623000,10000,2.59,0.345,2.417,0.0001,0.108,0.005
10000,625000,10000,2.59,0.331,2.084,0.0001,0.118,0.008
10000,626000,10000,2.6,0.34,2.165,0.0001,0.11,0.006
10000,627000,10000,2.6,0.339,2.146,0.0001,0.112,0.005
10000,628000,10000,2.61,0.342,2.342,0.0001,0.116,0.006
10000,630000,11000,2.62,0.345,2.039,0.0001,0.111,0.007
10000,631000,11000,2.62,0.341,2.092,0.0001,0.107,0.007
10000,632000,11000,2.63,0.335,2.074,0.0001,0.107,0.005
10000,634000,11000,2.63,0.331,2.001,0.0001,0.114,0.005
10000,635000,11000,2.64,0.337,2.189,0.0001,0.119,0.006
10000,636000,11000,2.64,0.345,2.353,0.0001,0.112,0.005
10000,637000,11000,2.65,0.337,2.437,0.0001,0.113,0.006
10000,639000,11000,2.65,0.333,2.24,0.0001,0.11,0.005
10000,640000,11000,2.66,0.334,1.922,0.0001,0.11,0.006
10000,641000,11000,2.66,0.337,2.272,0.0001,0.103,0.005
10000,643000,11000,2.67,0.337,2.204,0.0001,0.112,0.009
10000,644000,11000,2.67,0.335,2.229,0.0001,0.108,0.005
10000,645000,11000,2.68,0.334,2.183,0.0001,0.105,0.006
10000,646000,11000,2.68,0.345,2.236,0.0001,0.11,0.006
10000,648000,11000,2.69,0.329,2.14,0.0001,0.112,0.005
10000,649000,11000,2.7,0.334,2.218,0.0001,0.111,0.006
10000,650000,11000,2.7,0.341,2.051,0.0001,0.106,0.005
10000,652000,11000,2.71,0.336,2.241,0.0001,0.114,0.006
10000,653000,11000,2.71,0.336,2.014,0.0001,0.112,0.008
10000,654000,11000,2.72,0.338,2.427,0.0001,0.125,0.006
10000,655000,11000,2.72,0.327,2.199,0.0001,0.124,0.01
10000,657000,11000,2.73,0.341,2.398,0.0001,0.121,0.005
10000,658000,11000,2.73,0.34,2.423,0.0001,0.129,0.009
10000,659000,11000,2.74,0.329,2.262,0.0001,0.106,0.006
10000,660000,11000,2.74,0.333,2.432,0.0001,0.111,0.006
10000,662000,11000,2.75,0.335,2.58,0.0001,0.128,0.008
10000,663000,11000,2.75,0.334,2.811,0.0001,0.116,0.005
10000,664000,11000,2.76,0.335,2.664,0.0001,0.121,0.006
10000,666000,11000,2.76,0.34,2.5,0.0001,0.122,0.008
10000,667000,11000,2.77,0.334,2.349,0.0001,0.109,0.006
10000,668000,11000,2.78,0.327,2.126,0.0001,0.106,0.006
10000,669000,11000,2.78,0.332,2.041,0.0001,0.118,0.009
10000,671000,11000,2.79,0.338,2.165,0.0001,0.11,0.006
10000,672000,11000,2.79,0.32,2.046,0.0001,0.116,0.006
11000,673000,11000,2.8,0.326,2.502,0.0001,0.114,0.006
11000,675000,11000,2.8,0.335,2.464,0.0001,0.119,0.008
11000,676000,11000,2.81,0.334,2.405,0.0001,0.109,0.006
11000,677000,11000,2.81,0.329,2.446,0.0001,0.113,0.006
11000,678000,11000,2.82,0.324,2.214,0.0001,0.118,0.007
11000,680000,11000,2.82,0.317,2.14,0.0001,0.117,0.006
11000,681000,11000,2.83,0.333,2.574,0.0001,0.109,0.007
11000,682000,11000,2.83,0.331,2.887,0.0001,0.11,0.006
11000,684000,11000,2.84,0.342,2.651,0.0001,0.109,0.006
11000,685000,11000,2.84,0.327,2.672,0.0001,0.11,0.007
11000,686000,11000,2.85,0.329,2.214,0.0001,0.106,0.006
11000,687000,11000,2.85,0.339,2.339,0.0001,0.107,0.006
11000,689000,12000,2.86,0.326,2.339,0.0001,0.102,0.007
11000,690000,12000,2.87,0.327,2.398,0.0001,0.109,0.006
11000,691000,12000,2.87,0.33,2.179,0.0001,0.108,0.007
11000,692000,12000,2.88,0.335,2.255,0.0001,0.117,0.005
11000,694000,12000,2.88,0.329,2.162,0.0001,0.106,0.007
11000,695000,12000,2.89,0.329,2.163,0.0001,0.107,0.008
11000,696000,12000,2.89,0.333,2.322,0.0001,0.105,0.006
11000,698000,12000,2.9,0.335,2.328,0.0001,0.106,0.007
11000,699000,12000,2.9,0.333,2.529,0.0001,0.118,0.008
11000,700000,12000,2.91,0.337,2.532,0.0001,0.117,0.006
11000,701000,12000,2.91,0.333,2.532,0.0001,0.114,0.005
11000,703000,12000,2.92,0.33,2.571,0.0001,0.116,0.006
11000,704000,12000,2.92,0.329,2.505,0.0001,0.113,0.006
11000,705000,12000,2.93,0.334,2.955,0.0001,0.108,0.005
11000,707000,12000,2.93,0.337,2.993,0.0001,0.115,0.006
11000,708000,12000,2.94,0.342,3.055,0.0001,0.117,0.006
11000,709000,12000,2.95,0.33,2.643,0.0001,0.116,0.006
11000,710000,12000,2.95,0.334,2.529,0.0001,0.118,0.005
11000,712000,12000,2.96,0.337,2.31,0.0001,0.12,0.006
11000,713000,12000,2.96,0.328,2.283,0.0001,0.118,0.008
11000,714000,12000,2.97,0.329,2.067,0.0001,0.116,0.006
11000,716000,12000,2.97,0.331,2.426,0.0001,0.126,0.008
11000,717000,12000,2.98,0.321,2.245,0.0001,0.117,0.007
11000,718000,12000,2.98,0.33,2.208,0.0001,0.123,0.009
11000,719000,12000,2.99,0.329,2.34,0.0001,0.128,0.007
11000,721000,12000,2.99,0.324,2.225,0.0001,0.11,0.008
11000,722000,12000,3.0,0.325,2.202,0.0001,0.121,0.009
11000,723000,12000,3.0,0.332,2.935,0.0001,0.106,0.095
11000,724000,12000,3.01,0.337,5.959,0.0001,0.11,0.008
11000,726000,12000,3.01,0.334,7.871,0.0001,0.115,0.008
11000,727000,12000,3.02,0.328,3.857,0.0001,0.106,0.005
11000,728000,12000,3.02,0.33,2.537,0.0001,0.121,0.008
11000,730000,12000,3.03,0.313,2.051,0.0001,0.115,0.006
11000,731000,12000,3.04,0.324,2.174,0.0001,0.113,0.006
11000,732000,12000,3.04,0.325,2.306,0.0001,0.112,0.008
11000,733000,12000,3.05,0.327,2.079,0.0001,0.113,0.008
11000,735000,12000,3.05,0.316,1.86,0.0001,0.108,0.006
12000,736000,12000,3.06,0.325,2.372,0.0001,0.109,0.005
12000,737000,12000,3.06,0.321,1.958,0.0001,0.116,0.007
12000,739000,12000,3.07,0.32,2.183,0.0001,0.114,0.006
12000,740000,12000,3.07,0.325,2.3,0.0001,0.109,0.006
12000,741000,12000,3.08,0.324,2.318,0.0001,0.105,0.007
12000,742000,12000,3.08,0.323,2.073,0.0001,0.113,0.008
12000,744000,12000,3.09,0.317,2.149,0.0001,0.114,0.006
12000,745000,12000,3.09,0.325,2.067,0.0001,0.107,0.007
12000,746000,12000,3.1,0.32,1.882,0.0001,0.105,0.009
12000,748000,12000,3.1,0.321,2.029,0.0001,0.114,0.007
12000,749000,13000,3.11,0.324,2.044,0.0001,0.11,0.007
12000,750000,13000,3.12,0.324,2.367,0.0001,0.11,0.006
12000,751000,13000,3.12,0.316,1.961,0.0001,0.11,0.006
12000,753000,13000,3.13,0.321,2.114,0.0001,0.108,0.006
12000,754000,13000,3.13,0.317,1.98,0.0001,0.102,0.005
12000,755000,13000,3.14,0.326,2.185,0.0001,0.111,0.006
12000,756000,13000,3.14,0.323,2.106,0.0001,0.11,0.007
12000,758000,13000,3.15,0.322,2.051,0.0001,0.116,0.006
12000,759000,13000,3.15,0.322,1.984,0.0001,0.111,0.008
12000,760000,13000,3.16,0.32,2.056,0.0001,0.115,0.008
12000,762000,13000,3.16,0.32,2.059,0.0001,0.115,0.005
12000,763000,13000,3.17,0.317,2.164,0.0001,0.119,0.006
12000,764000,13000,3.17,0.324,2.546,0.0001,0.118,0.006
12000,765000,13000,3.18,0.323,2.312,0.0001,0.114,0.006
12000,767000,13000,3.18,0.319,2.198,0.0001,0.116,0.005
12000,768000,13000,3.19,0.318,2.145,0.0001,0.119,0.006
12000,769000,13000,3.2,0.321,2.077,0.0001,0.113,0.007
12000,771000,13000,3.2,0.309,2.156,0.0001,0.123,0.006
12000,772000,13000,3.21,0.317,2.276,0.0001,0.111,0.006
12000,773000,13000,3.21,0.325,2.333,0.0001,0.117,0.006
12000,774000,13000,3.22,0.317,2.247,0.0001,0.115,0.006
12000,776000,13000,3.22,0.315,2.08,0.0001,0.122,0.006
12000,777000,13000,3.23,0.313,2.25,0.0001,0.119,0.006
12000,778000,13000,3.23,0.314,2.027,0.0001,0.122,0.006
12000,780000,13000,3.24,0.32,2.138,0.0001,0.123,0.009
12000,781000,13000,3.24,0.314,1.874,0.0001,0.117,0.008
12000,782000,13000,3.25,0.315,2.223,0.0001,0.12,0.006
12000,783000,13000,3.25,0.32,2.342,0.0001,0.118,0.007
12000,785000,13000,3.26,0.309,2.173,0.0001,0.111,0.007
12000,786000,13000,3.26,0.314,2.329,0.0001,0.11,0.006
12000,787000,13000,3.27,0.316,2.26,0.0001,0.121,0.009
12000,788000,13000,3.27,0.308,2.398,0.0001,0.109,0.007
12000,790000,13000,3.28,0.315,2.294,0.0001,0.111,0.007
12000,791000,13000,3.29,0.309,2.382,0.0001,0.12,0.01
12000,792000,13000,3.29,0.32,2.472,0.0001,0.111,0.006
12000,794000,13000,3.3,0.316,2.096,0.0001,0.107,0.006
12000,795000,13000,3.3,0.312,2.054,0.0001,0.118,0.01
12000,796000,13000,3.31,0.309,2.221,0.0001,0.107,0.006
12000,797000,13000,3.31,0.315,2.179,0.0001,0.108,0.006
12000,799000,13000,3.32,0.312,2.203,0.0001,0.12,0.006
12000,800000,13000,3.32,0.317,2.304,0.0001,0.115,0.007
13000,801000,13000,3.33,0.319,2.353,0.0001,0.113,0.006
13000,803000,13000,3.33,0.32,2.324,0.0001,0.108,0.007
13000,804000,13000,3.34,0.311,2.238,0.0001,0.11,0.006
13000,805000,13000,3.34,0.317,2.359,0.0001,0.108,0.006
13000,806000,13000,3.35,0.32,2.42,0.0001,0.112,0.006
13000,808000,13000,3.35,0.317,2.419,0.0001,0.106,0.006
13000,809000,14000,3.36,0.319,2.408,0.0001,0.113,0.008
13000,810000,14000,3.37,0.305,2.278,0.0001,0.11,0.006
13000,812000,14000,3.37,0.321,2.275,0.0001,0.109,0.005
13000,813000,14000,3.38,0.314,2.561,0.0001,0.113,0.005
13000,814000,14000,3.38,0.315,2.159,0.0001,0.114,0.006
13000,815000,14000,3.39,0.324,2.249,0.0001,0.112,0.007
13000,817000,14000,3.39,0.305,2.109,0.0001,0.109,0.009
13000,818000,14000,3.4,0.317,2.572,0.0001,0.113,0.006
13000,819000,14000,3.4,0.309,2.6,0.0001,0.107,0.005
13000,820000,14000,3.41,0.317,2.227,0.0001,0.118,0.007
13000,822000,14000,3.41,0.32,2.362,0.0001,0.113,0.006
13000,823000,14000,3.42,0.322,2.284,0.0001,0.12,0.006
13000,824000,14000,3.42,0.308,2.3,0.0001,0.11,0.007
13000,826000,14000,3.43,0.32,2.29,0.0001,0.111,0.007
13000,827000,14000,3.43,0.318,2.352,0.0001,0.112,0.007
13000,828000,14000,3.44,0.312,2.337,0.0001,0.112,0.006
13000,829000,14000,3.44,0.313,2.432,0.0001,0.117,0.006
13000,831000,14000,3.45,0.309,2.157,0.0001,0.113,0.007
13000,832000,14000,3.46,0.312,2.609,0.0001,0.112,0.006
13000,833000,14000,3.46,0.315,2.449,0.0001,0.11,0.005
13000,835000,14000,3.47,0.306,2.474,0.0001,0.11,0.007
13000,836000,14000,3.47,0.311,2.68,0.0001,0.111,0.006
13000,837000,14000,3.48,0.308,2.261,0.0001,0.109,0.007
13000,838000,14000,3.48,0.313,2.553,0.0001,0.112,0.006
13000,840000,14000,3.49,0.322,2.428,0.0001,0.114,0.007
13000,841000,14000,3.49,0.312,2.487,0.0001,0.11,0.006
13000,842000,14000,3.5,0.311,2.242,0.0001,0.119,0.006
13000,844000,14000,3.5,0.314,2.214,0.0001,0.124,0.006
13000,845000,14000,3.51,0.313,2.291,0.0001,0.116,0.007
13000,846000,14000,3.51,0.316,2.612,0.0001,0.127,0.008
13000,847000,14000,3.52,0.316,2.098,0.0001,0.122,0.006
13000,849000,14000,3.52,0.315,1.992,0.0001,0.12,0.007
13000,850000,14000,3.53,0.306,2.165,0.0001,0.122,0.008
13000,851000,14000,3.54,0.32,2.198,0.0001,0.119,0.006
13000,852000,14000,3.54,0.325,2.328,0.0001,0.12,0.006
13000,854000,14000,3.55,0.315,2.181,0.0001,0.115,0.008
13000,855000,14000,3.55,0.313,2.139,0.0001,0.112,0.006
13000,856000,14000,3.56,0.32,2.199,0.0001,0.114,0.006
13000,858000,14000,3.56,0.309,2.528,0.0001,0.116,0.008
13000,859000,14000,3.57,0.306,2.309,0.0001,0.108,0.006
13000,860000,14000,3.57,0.316,2.32,0.0001,0.105,0.007
13000,861000,14000,3.58,0.309,2.431,0.0001,0.119,0.009
13000,863000,14000,3.58,0.315,2.299,0.0001,0.11,0.007
14000,864000,14000,3.59,0.311,2.096,0.0001,0.103,0.006
14000,865000,14000,3.59,0.309,2.195,0.0001,0.116,0.007
14000,867000,14000,3.6,0.307,2.384,0.0001,0.116,0.009
14000,868000,14000,3.6,0.313,2.376,0.0001,0.107,0.006
14000,869000,15000,3.61,0.313,2.204,0.0001,0.112,0.007
14000,870000,15000,3.62,0.302,2.143,0.0001,0.111,0.006
14000,872000,15000,3.62,0.311,2.245,0.0001,0.108,0.006
14000,873000,15000,3.63,0.311,2.444,0.0001,0.109,0.006
14000,874000,15000,3.63,0.309,2.196,0.0001,0.108,0.007
14000,876000,15000,3.64,0.312,2.315,0.0001,0.107,0.007
14000,877000,15000,3.64,0.307,2.085,0.0001,0.109,0.006
14000,878000,15000,3.65,0.312,2.09,0.0001,0.111,0.006
14000,879000,15000,3.65,0.313,2.035,0.0001,0.111,0.005
14000,881000,15000,3.66,0.305,2.286,0.0001,0.103,0.005
14000,882000,15000,3.66,0.3,2.152,0.0001,0.111,0.006
14000,883000,15000,3.67,0.308,2.133,0.0001,0.119,0.006
14000,884000,15000,3.67,0.308,2.286,0.0001,0.122,0.006
14000,886000,15000,3.68,0.306,2.462,0.0001,0.123,0.006
14000,887000,15000,3.68,0.309,2.55,0.0001,0.113,0.006
14000,888000,15000,3.69,0.307,2.304,0.0001,0.114,0.008
14000,890000,15000,3.69,0.307,2.273,0.0001,0.111,0.006
14000,891000,15000,3.7,0.315,2.26,0.0001,0.119,0.006
14000,892000,15000,3.71,0.308,2.242,0.0001,0.112,0.006
14000,893000,15000,3.71,0.305,2.245,0.0001,0.112,0.008
14000,895000,15000,3.72,0.306,2.064,0.0001,0.117,0.006
14000,896000,15000,3.72,0.307,2.048,0.0001,0.118,0.006
14000,897000,15000,3.73,0.297,1.913,0.0001,0.111,0.006
14000,899000,15000,3.73,0.309,2.132,0.0001,0.117,0.006
14000,900000,15000,3.74,0.31,2.424,0.0001,0.117,0.006
14000,901000,15000,3.74,0.307,2.203,0.0001,0.122,0.006
14000,902000,15000,3.75,0.298,2.054,0.0001,0.118,0.006
14000,904000,15000,3.75,0.309,2.194,0.0001,0.12,0.006
14000,905000,15000,3.76,0.305,2.073,0.0001,0.117,0.007
14000,906000,15000,3.76,0.301,2.166,0.0001,0.133,0.009
14000,908000,15000,3.77,0.313,2.482,0.0001,0.114,0.007
14000,909000,15000,3.77,0.304,2.312,0.0001,0.119,0.006
14000,910000,15000,3.78,0.313,2.525,0.0001,0.121,0.009
14000,911000,15000,3.79,0.304,2.143,0.0001,0.119,0.006
14000,913000,15000,3.79,0.305,2.039,0.0001,0.116,0.006
14000,914000,15000,3.8,0.314,2.428,0.0001,0.122,0.011
14000,915000,15000,3.8,0.299,2.232,0.0001,0.115,0.006
14000,916000,15000,3.81,0.303,2.44,0.0001,0.113,0.007
14000,918000,15000,3.81,0.309,2.248,0.0001,0.119,0.01
14000,919000,15000,3.82,0.307,2.477,0.0001,0.115,0.006
14000,920000,15000,3.82,0.306,2.2,0.0001,0.11,0.006
14000,922000,15000,3.83,0.305,2.525,0.0001,0.124,0.007
14000,923000,15000,3.83,0.305,2.368,0.0001,0.115,0.006
14000,924000,15000,3.84,0.305,2.101,0.0001,0.108,0.005
14000,925000,15000,3.84,0.304,1.906,0.0001,0.122,0.009
14000,927000,15000,3.85,0.308,2.015,0.0001,0.107,0.007
14000,928000,15000,3.85,0.302,2.313,0.0001,0.11,0.006
15000,929000,16000,3.86,0.309,2.007,0.0001,0.107,0.006
15000,931000,16000,3.86,0.302,2.167,0.0001,0.107,0.009
15000,932000,16000,3.87,0.308,2.358,0.0001,0.112,0.006
15000,933000,16000,3.88,0.314,2.176,0.0001,0.113,0.006
15000,934000,16000,3.88,0.306,2.013,0.0001,0.112,0.006
15000,936000,16000,3.89,0.302,2.207,0.0001,0.107,0.006
15000,937000,16000,3.89,0.305,2.283,0.0001,0.113,0.005
15000,938000,16000,3.9,0.301,2.213,0.0001,0.112,0.005
15000,940000,16000,3.9,0.307,2.024,0.0001,0.11,0.006
15000,941000,16000,3.91,0.303,2.066,0.0001,0.111,0.008
15000,942000,16000,3.91,0.302,2.234,0.0001,0.102,0.006
15000,943000,16000,3.92,0.301,2.685,0.0001,0.112,0.005
15000,945000,16000,3.92,0.305,2.59,0.0001,0.122,0.006
15000,946000,16000,3.93,0.299,2.435,0.0001,0.118,0.006
15000,947000,16000,3.93,0.302,2.112,0.0001,0.118,0.006
15000,948000,16000,3.94,0.3,2.162,0.0001,0.116,0.007
15000,950000,16000,3.94,0.311,2.182,0.0001,0.109,0.005
15000,951000,16000,3.95,0.304,2.011,0.0001,0.118,0.006
15000,952000,16000,3.96,0.303,2.015,0.0001,0.113,0.005
15000,954000,16000,3.96,0.302,2.161,0.0001,0.113,0.006
15000,955000,16000,3.97,0.297,2.028,0.0001,0.117,0.005
15000,956000,16000,3.97,0.302,2.1,0.0001,0.116,0.005
15000,957000,16000,3.98,0.307,2.309,0.0001,0.117,0.005
15000,959000,16000,3.98,0.308,2.078,0.0001,0.108,0.006
15000,960000,16000,3.99,0.304,2.305,0.0001,0.114,0.007
15000,961000,16000,3.99,0.304,2.111,0.0001,0.107,0.007
15000,963000,16000,4.0,0.3,2.424,0.0001,0.11,0.007
15000,964000,16000,4.0,0.303,2.535,0.0001,0.108,0.093
15000,965000,16000,4.01,0.299,2.341,0.0001,0.114,0.006
15000,966000,16000,4.01,0.301,2.183,0.0001,0.12,0.006
15000,968000,16000,4.02,0.296,2.31,0.0001,0.117,0.005
15000,969000,16000,4.02,0.298,1.988,0.0001,0.12,0.005
15000,970000,16000,4.03,0.297,1.874,0.0001,0.115,0.006
15000,972000,16000,4.04,0.295,2.059,0.0001,0.133,0.009
15000,973000,16000,4.04,0.295,2.013,0.0001,0.123,0.006
15000,974000,16000,4.05,0.3,2.12,0.0001,0.122,0.006
15000,975000,16000,4.05,0.29,1.998,0.0001,0.124,0.009
15000,977000,16000,4.06,0.291,2.156,0.0001,0.124,0.006
15000,978000,16000,4.06,0.293,2.0,0.0001,0.133,0.007
15000,979000,16000,4.07,0.288,1.852,0.0001,0.11,0.01
15000,980000,16000,4.07,0.289,1.98,0.0001,0.115,0.006
15000,982000,16000,4.08,0.294,2.107,0.0001,0.112,0.009
15000,983000,16000,4.08,0.293,2.125,0.0001,0.119,0.007
15000,984000,16000,4.09,0.298,2.15,0.0001,0.109,0.007
15000,986000,16000,4.09,0.297,2.138,0.0001,0.111,0.008
15000,987000,16000,4.1,0.294,1.882,0.0001,0.122,0.01
15000,988000,17000,4.1,0.299,1.916,0.0001,0.114,0.006
15000,989000,17000,4.11,0.296,2.055,0.0001,0.113,0.006
15000,991000,17000,4.11,0.286,1.897,0.0001,0.118,0.007
16000,992000,17000,4.12,0.298,2.068,0.0001,0.111,0.006
16000,993000,17000,4.13,0.293,2.127,0.0001,0.107,0.006
16000,995000,17000,4.13,0.288,2.096,0.0001,0.109,0.006
16000,996000,17000,4.14,0.295,2.278,0.0001,0.114,0.006
16000,997000,17000,4.14,0.293,2.104,0.0001,0.116,0.006
16000,998000,17000,4.15,0.296,2.013,0.0001,0.105,0.007
16000,1000000,17000,4.15,0.289,1.858,0.0001,0.114,0.006
16000,1000000,17000,4.16,0.287,1.944,0.0001,0.11,0.006
16000,1000000,17000,4.16,0.295,1.88,0.0001,0.113,0.008
16000,1000000,17000,4.17,0.292,1.992,0.0001,0.111,0.006
16000,1000000,17000,4.17,0.281,1.819,0.0001,0.113,0.006
16000,1000000,17000,4.18,0.3,2.003,0.0001,0.11,0.006
16000,1000000,17000,4.18,0.295,2.312,0.0001,0.11,0.009
16000,1000000,17000,4.19,0.296,2.206,0.0001,0.12,0.007
16000,1000000,17000,4.19,0.292,2.026,0.0001,0.115,0.007
16000,1000000,17000,4.2,0.293,2.117,0.0001,0.112,0.007
16000,1000000,17000,4.21,0.292,2.118,0.0001,0.121,0.006
16000,1000000,17000,4.21,0.297,2.361,0.0001,0.117,0.005
16000,1000000,17000,4.22,0.293,2.749,0.0001,0.117,0.006
16000,1000000,17000,4.22,0.288,2.238,0.0001,0.119,0.006
16000,1000000,17000,4.23,0.296,2.085,0.0001,0.115,0.006
16000,1000000,17000,4.23,0.297,2.001,0.0001,0.12,0.006
16000,1000000,17000,4.24,0.298,1.951,0.0001,0.117,0.006
16000,1000000,17000,4.24,0.297,2.235,0.0001,0.116,0.007
16000,1000000,17000,4.25,0.292,1.963,0.0001,0.119,0.006
16000,1000000,17000,4.25,0.291,1.871,0.0001,0.123,0.007
16000,1000000,17000,4.26,0.286,1.899,0.0001,0.109,0.006
16000,1000000,17000,4.26,0.288,1.729,0.0001,0.116,0.008
16000,1000000,17000,4.27,0.295,1.877,0.0001,0.115,0.007
16000,1000000,17000,4.27,0.291,1.924,0.0001,0.112,0.006
16000,1000000,17000,4.28,0.293,2.004,0.0001,0.118,0.006
16000,1000000,17000,4.28,0.292,2.024,0.0001,0.114,0.006
16000,1000000,17000,4.29,0.29,2.228,0.0001,0.12,0.007
16000,1000000,17000,4.3,0.289,1.902,0.0001,0.12,0.006
16000,1000000,17000,4.3,0.296,1.872,0.0001,0.121,0.005
16000,1000000,17000,4.31,0.288,1.987,0.0001,0.127,0.008
16000,1000000,17000,4.31,0.297,1.985,0.0001,0.123,0.007
16000,1000000,17000,4.32,0.298,1.908,0.0001,0.125,0.007
16000,1000000,17000,4.32,0.292,2.068,0.0001,0.117,0.01
16000,1000000,17000,4.33,0.299,2.004,0.0001,0.114,0.006
16000,1000000,17000,4.33,0.286,1.898,0.0001,0.107,0.008
16000,1000000,17000,4.34,0.295,2.201,0.0001,0.118,0.009
16000,1000000,17000,4.34,0.295,2.392,0.0001,0.115,0.008
16000,1000000,17000,4.35,0.307,2.522,0.0001,0.11,0.006
16000,1000000,18000,4.35,0.296,2.319,0.0001,0.116,0.011
16000,1000000,18000,4.36,0.296,2.172,0.0001,0.109,0.008
16000,1000000,18000,4.36,0.292,1.975,0.0001,0.113,0.007
16000,1000000,18000,4.37,0.291,1.954,0.0001,0.124,0.01
16000,1000000,18000,4.38,0.29,1.848,0.0001,0.11,0.006
16000,1000000,18000,4.38,0.298,2.042,0.0001,0.113,0.006
16000,1000000,18000,4.39,0.291,2.263,0.0001,0.118,0.01
17000,1000000,18000,4.39,0.287,1.954,0.0001,0.104,0.006
17000,1000000,18000,4.4,0.286,2.023,0.0001,0.115,0.006
17000,1000000,18000,4.4,0.282,1.934,0.0001,0.106,0.01
17000,1000000,18000,4.41,0.287,2.023,0.0001,0.109,0.006
17000,1000000,18000,4.41,0.292,1.926,0.0001,0.109,0.008
17000,1000000,18000,4.42,0.293,1.95,0.0001,0.11,0.007
17000,1000000,18000,4.42,0.296,1.965,0.0001,0.108,0.006
17000,1000000,18000,4.43,0.293,2.121,0.0001,0.109,0.006
17000,1000000,18000,4.43,0.297,1.934,0.0001,0.111,0.005
17000,1000000,18000,4.44,0.288,1.858,0.0001,0.108,0.005
17000,1000000,18000,4.44,0.292,1.871,0.0001,0.11,0.005
17000,1000000,18000,4.45,0.29,1.781,0.0001,0.113,0.005
17000,1000000,18000,4.46,0.288,1.92,0.0001,0.111,0.006
17000,1000000,18000,4.46,0.28,1.906,0.0001,0.118,0.007
17000,1000000,18000,4.47,0.293,1.965,0.0001,0.115,0.006
17000,1000000,18000,4.47,0.294,2.389,0.0001,0.115,0.007
17000,1000000,18000,4.48,0.292,2.352,0.0001,0.118,0.006
17000,1000000,18000,4.48,0.284,2.346,0.0001,0.113,0.007
17000,1000000,18000,4.49,0.298,2.04,0.0001,0.117,0.007
17000,1000000,18000,4.49,0.296,1.921,0.0001,0.113,0.007
17000,1000000,18000,4.5,0.298,2.168,0.0001,0.11,0.007
17000,1000000,18000,4.5,0.294,2.111,0.0001,0.114,0.006
17000,1000000,18000,4.51,0.293,1.961,0.0001,0.111,0.006
17000,1000000,18000,4.51,0.29,1.941,0.0001,0.113,0.006
17000,1000000,18000,4.52,0.295,1.994,0.0001,0.111,0.006
17000,1000000,18000,4.52,0.295,2.036,0.0001,0.106,0.006
17000,1000000,18000,4.53,0.291,2.064,0.0001,0.117,0.007
17000,1000000,18000,4.53,0.291,2.205,0.0001,0.116,0.007
17000,1000000,18000,4.54,0.287,1.897,0.0001,0.114,0.007
17000,1000000,18000,4.55,0.293,1.987,0.0001,0.116,0.006
17000,1000000,18000,4.55,0.295,2.075,0.0001,0.118,0.005
17000,1000000,18000,4.56,0.292,1.994,0.0001,0.127,0.007
17000,1000000,18000,4.56,0.301,2.4,0.0001,0.118,0.006
17000,1000000,18000,4.57,0.29,2.126,0.0001,0.122,0.005
17000,1000000,18000,4.57,0.294,2.092,0.0001,0.123,0.009
17000,1000000,18000,4.58,0.294,1.975,0.0001,0.113,0.008
17000,1000000,18000,4.58,0.291,2.149,0.0001,0.114,0.006
17000,1000000,18000,4.59,0.293,2.628,0.0001,0.125,0.008
17000,1000000,18000,4.59,0.293,2.4,0.0001,0.108,0.007
17000,1000000,18000,4.6,0.282,2.172,0.0001,0.107,0.008
17000,1000000,19000,4.6,0.289,2.431,0.0001,0.113,0.006
17000,1000000,19000,4.61,0.292,1.877,0.0001,0.118,0.008
17000,1000000,19000,4.61,0.296,1.829,0.0001,0.108,0.008
17000,1000000,19000,4.62,0.285,2.103,0.0001,0.108,0.007
17000,1000000,19000,4.63,0.287,1.798,0.0001,0.114,0.009
17000,1000000,19000,4.63,0.282,1.943,0.0001,0.114,0.006
17000,1000000,19000,4.64,0.293,2.157,0.0001,0.112,0.006
17000,1000000,19000,4.64,0.292,1.925,0.0001,0.119,0.008
17000,1000000,19000,4.65,0.288,2.063,0.0001,0.111,0.006
18000,1000000,19000,4.65,0.285,1.766,0.0001,0.105,0.006
18000,1000000,19000,4.66,0.29,1.889,0.0001,0.111,0.007
18000,1000000,19000,4.66,0.287,1.938,0.0001,0.113,0.009
18000,1000000,19000,4.67,0.291,1.943,0.0001,0.108,0.006
18000,1000000,19000,4.67,0.294,2.245,0.0001,0.108,0.007
18000,1000000,19000,4.68,0.288,2.177,0.0001,0.11,0.007
18000,1000000,19000,4.68,0.287,1.921,0.0001,0.11,0.007
18000,1000000,19000,4.69,0.289,1.895,0.0001,0.114,0.006
18000,1000000,19000,4.69,0.284,1.902,0.0001,0.11,0.005
18000,1000000,19000,4.7,0.286,2.175,0.0001,0.106,0.007
18000,1000000,19000,4.7,0.284,1.891,0.0001,0.107,0.009
18000,1000000,19000,4.71,0.281,1.978,0.0001,0.117,0.006
18000,1000000,19000,4.72,0.293,1.933,0.0001,0.12,0.006
18000,1000000,19000,4.72,0.286,1.935,0.0001,0.116,0.006
18000,1000000,19000,4.73,0.289,2.255,0.0001,0.114,0.006
18000,1000000,19000,4.73,0.288,2.032,0.0001,0.118,0.007
18000,1000000,19000,4.74,0.283,1.791,0.0001,0.114,0.007
18000,1000000,19000,4.74,0.284,1.665,0.0001,0.115,0.005
18000,1000000,19000,4.75,0.284,1.918,0.0001,0.115,0.005
18000,1000000,19000,4.75,0.284,1.928,0.0001,0.116,0.006
18000,1000000,19000,4.76,0.29,2.124,0.0001,0.118,0.005
18000,1000000,19000,4.76,0.286,2.384,0.0001,0.116,0.006
18000,1000000,19000,4.77,0.289,1.97,0.0001,0.114,0.006
18000,1000000,19000,4.77,0.293,2.066,0.0001,0.113,0.005
18000,1000000,19000,4.78,0.296,2.056,0.0001,0.115,0.005
18000,1000000,19000,4.78,0.29,2.484,0.0001,0.115,0.006
18000,1000000,19000,4.79,0.288,2.062,0.0001,0.108,0.006
18000,1000000,19000,4.8,0.29,2.211,0.0001,0.114,0.006
18000,1000000,19000,4.8,0.287,2.019,0.0001,0.114,0.005
18000,1000000,19000,4.81,0.285,1.938,0.0001,0.112,0.007
18000,1000000,19000,4.81,0.29,2.224,0.0001,0.112,0.007
18000,1000000,19000,4.82,0.289,2.023,0.0001,0.114,0.006
18000,1000000,19000,4.82,0.288,1.975,0.0001,0.113,0.007
18000,1000000,19000,4.83,0.279,1.855,0.0001,0.119,0.008
18000,1000000,19000,4.83,0.282,2.004,0.0001,0.119,0.007
18000,1000000,19000,4.84,0.293,2.091,0.0001,0.12,0.008
18000,1000000,19000,4.84,0.294,1.954,0.0001,0.114,0.006
18000,1000000,19000,4.85,0.29,1.831,0.0001,0.109,0.006
18000,1000000,20000,4.85,0.288,1.854,0.0001,0.123,0.007
18000,1000000,20000,4.86,0.286,1.998,0.0001,0.112,0.006
18000,1000000,20000,4.86,0.294,1.988,0.0001,0.11,0.006
18000,1000000,20000,4.87,0.284,1.92,0.0001,0.119,0.008
18000,1000000,20000,4.87,0.286,1.817,0.0001,0.106,0.006
18000,1000000,20000,4.88,0.281,1.79,0.0001,0.11,0.007
18000,1000000,20000,4.89,0.276,1.935,0.0001,0.11,0.009
18000,1000000,20000,4.89,0.287,2.142,0.0001,0.118,0.008
18000,1000000,20000,4.9,0.282,2.034,0.0001,0.111,0.006
18000,1000000,20000,4.9,0.292,1.981,0.0001,0.115,0.008
18000,1000000,20000,4.91,0.285,2.0,0.0001,0.124,0.009
18000,1000000,20000,4.91,0.288,1.937,0.0001,0.11,0.009
18000,1000000,20000,4.92,0.286,2.07,0.0001,0.107,0.009
19000,1000000,20000,4.92,0.287,1.808,0.0001,0.111,0.011
19000,1000000,20000,4.93,0.29,1.924,0.0001,0.11,0.006
19000,1000000,20000,4.93,0.288,1.991,0.0001,0.109,0.006
19000,1000000,20000,4.94,0.289,1.97,0.0001,0.119,0.007
19000,1000000,20000,4.94,0.286,1.901,0.0001,0.111,0.006
19000,1000000,20000,4.95,0.282,1.847,0.0001,0.107,0.006
19000,1000000,20000,4.95,0.286,1.831,0.0001,0.112,0.006
19000,1000000,20000,4.96,0.28,1.922,0.0001,0.121,0.006
19000,1000000,20000,4.97,0.286,2.074,0.0001,0.116,0.006
19000,1000000,20000,4.97,0.282,1.872,0.0001,0.121,0.007
19000,1000000,20000,4.98,0.285,1.854,0.0001,0.118,0.006
19000,1000000,20000,4.98,0.285,2.009,0.0001,0.114,0.006
19000,1000000,20000,4.99,0.284,1.848,0.0001,0.118,0.007
19000,1000000,20000,4.99,0.28,1.815,0.0001,0.112,0.007
19000,1000000,20000,5.0,0.282,2.002,0.0001,0.117,0.007
19000,1000000,20000,5.0,0.274,1.986,0.0001,0.111,0.096
19000,1000000,20000,5.01,0.288,2.388,0.0001,0.121,0.006
19000,1000000,20000,5.01,0.279,2.083,0.0001,0.113,0.007
19000,1000000,20000,5.02,0.281,1.915,0.0001,0.117,0.005
19000,1000000,20000,5.02,0.275,1.769,0.0001,0.116,0.006
19000,1000000,20000,5.03,0.273,1.836,0.0001,0.118,0.007
19000,1000000,20000,5.03,0.282,1.929,0.0001,0.115,0.006
19000,1000000,20000,5.04,0.279,1.726,0.0001,0.114,0.005
19000,1000000,20000,5.05,0.275,1.631,0.0001,0.116,0.005
19000,1000000,20000,5.05,0.272,1.629,0.0001,0.114,0.006
19000,1000000,20000,5.06,0.274,1.65,0.0001,0.109,0.006
19000,1000000,20000,5.06,0.272,1.717,0.0001,0.119,0.005
19000,1000000,20000,5.07,0.277,1.713,0.0001,0.115,0.005
19000,1000000,20000,5.07,0.284,1.797,0.0001,0.119,0.006
19000,1000000,20000,5.08,0.281,1.91,0.0001,0.12,0.005
19000,1000000,20000,5.08,0.278,1.827,0.0001,0.122,0.007
19000,1000000,20000,5.09,0.275,1.8,0.0001,0.12,0.006
19000,1000000,20000,5.09,0.266,1.783,0.0001,0.116,0.007
19000,1000000,21000,5.1,0.274,1.699,0.0001,0.116,0.006
19000,1000000,21000,5.1,0.274,1.946,0.0001,0.113,0.006
19000,1000000,21000,5.11,0.269,1.722,0.0001,0.118,0.008
19000,1000000,21000,5.11,0.276,1.649,0.0001,0.109,0.01
19000,1000000,21000,5.12,0.286,1.858,0.0001,0.111,0.007
19000,1000000,21000,5.12,0.263,1.788,0.0001,0.123,0.008
19000,1000000,21000,5.13,0.277,1.795,0.0001,0.112,0.006
19000,1000000,21000,5.14,0.275,2.005,0.0001,0.111,0.007
19000,1000000,21000,5.14,0.28,1.658,0.0001,0.111,0.007
19000,1000000,21000,5.15,0.283,1.94,0.0001,0.116,0.008
19000,1000000,21000,5.15,0.279,1.985,0.0001,0.114,0.007
19000,1000000,21000,5.16,0.279,1.689,0.0001,0.115,0.008
19000,1000000,21000,5.16,0.273,1.804,0.0001,0.118,0.007
19000,1000000,21000,5.17,0.276,1.885,0.0001,0.111,0.007
19000,1000000,21000,5.17,0.276,1.78,0.0001,0.113,0.007
19000,1000000,21000,5.18,0.278,1.876,0.0001,0.121,0.009
20000,1000000,21000,5.18,0.278,2.222,0.0001,0.115,0.006
20000,1000000,21000,5.19,0.275,2.021,0.0001,0.11,0.007
20000,1000000,21000,5.19,0.276,1.778,0.0001,0.124,0.007
20000,1000000,21000,5.2,0.281,2.018,0.0001,0.104,0.005
20000,1000000,21000,5.2,0.277,1.852,0.0001,0.108,0.005
20000,1000000,21000,5.21,0.269,1.981,0.0001,0.117,0.006
20000,1000000,21000,5.22,0.278,1.785,0.0001,0.107,0.006
20000,1000000,21000,5.22,0.274,1.804,0.0001,0.106,0.005
20000,1000000,21000,5.23,0.286,2.006,0.0001,0.11,0.007
20000,1000000,21000,5.23,0.277,1.936,0.0001,0.119,0.006
20000,1000000,21000,5.24,0.277,2.128,0.0001,0.107,0.005
20000,1000000,21000,5.24,0.277,1.821,0.0001,0.102,0.005
20000,1000000,21000,5.25,0.271,1.766,0.0001,0.111,0.007
20000,1000000,21000,5.25,0.274,1.694,0.0001,0.116,0.005
20000,1000000,21000,5.26,0.28,1.82,0.0001,0.119,0.006
20000,1000000,21000,5.26,0.269,1.93,0.0001,0.113,0.006
20000,1000000,21000,5.27,0.276,1.995,0.0001,0.115,0.005
20000,1000000,21000,5.27,0.275,2.08,0.0001,0.116,0.006
20000,1000000,21000,5.28,0.277,2.1,0.0001,0.114,0.005
20000,1000000,21000,5.28,0.277,2.045,0.0001,0.104,0.006
20000,1000000,21000,5.29,0.271,1.907,0.0001,0.109,0.006
20000,1000000,21000,5.29,0.278,1.733,0.0001,0.117,0.006
20000,1000000,21000,5.3,0.277,1.891,0.0001,0.111,0.007
20000,1000000,21000,5.31,0.271,1.698,0.0001,0.111,0.006
20000,1000000,21000,5.31,0.279,1.789,0.0001,0.122,0.006
20000,1000000,21000,5.32,0.278,1.782,0.0001,0.112,0.008
20000,1000000,21000,5.32,0.269,1.772,0.0001,0.103,0.005
20000,1000000,21000,5.33,0.275,1.742,0.0001,0.115,0.007
20000,1000000,21000,5.33,0.27,1.702,0.0001,0.118,0.006
20000,1000000,21000,5.34,0.274,1.991,0.0001,0.12,0.006
20000,1000000,21000,5.34,0.279,2.078,0.0001,0.116,0.006
20000,1000000,22000,5.35,0.275,1.986,0.0001,0.12,0.007
20000,1000000,22000,5.35,0.269,2.072,0.0001,0.117,0.008
20000,1000000,22000,5.36,0.28,1.938,0.0001,0.114,0.006
20000,1000000,22000,5.36,0.277,2.284,0.0001,0.121,0.008
20000,1000000,22000,5.37,0.279,1.917,0.0001,0.112,0.006
20000,1000000,22000,5.37,0.281,1.933,0.0001,0.113,0.006
20000,1000000,22000,5.38,0.277,1.887,0.0001,0.125,0.008
20000,1000000,22000,5.39,0.28,2.016,0.0001,0.111,0.005
20000,1000000,22000,5.39,0.272,1.922,0.0001,0.112,0.006
20000,1000000,22000,5.4,0.277,2.055,0.0001,0.106,0.008
20000,1000000,22000,5.4,0.281,1.854,0.0001,0.12,0.008
20000,1000000,22000,5.41,0.274,2.067,0.0001,0.113,0.007
20000,1000000,22000,5.41,0.278,1.97,0.0001,0.111,0.006
20000,1000000,22000,5.42,0.279,2.028,0.0001,0.12,0.01
20000,1000000,22000,5.42,0.27,1.987,0.0001,0.119,0.006
20000,1000000,22000,5.43,0.271,1.738,0.0001,0.112,0.007
20000,1000000,22000,5.43,0.276,1.675,0.0001,0.12,0.011
20000,1000000,22000,5.44,0.269,1.739,0.0001,0.104,0.007
20000,1000000,22000,5.44,0.271,1.721,0.0001,0.11,0.006
20000,1000000,22000,5.45,0.273,1.908,0.0001,0.125,0.008
21000,1000000,22000,5.45,0.273,2.103,0.0001,0.111,0.008
21000,1000000,22000,5.46,0.269,1.842,0.0001,0.108,0.009
21000,1000000,22000,5.47,0.282,2.101,0.0001,0.114,0.006
21000,1000000,22000,5.47,0.276,1.873,0.0001,0.109,0.006
21000,1000000,22000,5.48,0.277,1.828,0.0001,0.111,0.006
21000,1000000,22000,5.48,0.277,1.884,0.0001,0.112,0.006
21000,1000000,22000,5.49,0.281,1.799,0.0001,0.118,0.008
21000,1000000,22000,5.49,0.284,2.041,0.0001,0.113,0.007
21000,1000000,22000,5.5,0.272,1.901,0.0001,0.113,0.006
21000,1000000,22000,5.5,0.266,1.932,0.0001,0.116,0.006
21000,1000000,22000,5.51,0.266,2.027,0.0001,0.119,0.006
21000,1000000,22000,5.51,0.272,1.818,0.0001,0.115,0.007
21000,1000000,22000,5.52,0.273,1.792,0.0001,0.114,0.006
21000,1000000,22000,5.52,0.27,1.943,0.0001,0.113,0.006
21000,1000000,22000,5.53,0.267,1.781,0.0001,0.116,0.005
21000,1000000,22000,5.53,0.27,1.835,0.0001,0.121,0.007
21000,1000000,22000,5.54,0.266,1.9,0.0001,0.116,0.006
21000,1000000,22000,5.54,0.275,1.793,0.0001,0.114,0.007
21000,1000000,22000,5.55,0.268,1.718,0.0001,0.111,0.005
21000,1000000,22000,5.56,0.27,1.771,0.0001,0.114,0.005
21000,1000000,22000,5.56,0.273,1.747,0.0001,0.109,0.007
21000,1000000,22000,5.57,0.271,1.859,0.0001,0.114,0.005
21000,1000000,22000,5.57,0.273,1.787,0.0001,0.11,0.006
21000,1000000,22000,5.58,0.27,1.833,0.0001,0.116,0.007
21000,1000000,22000,5.58,0.275,1.789,0.0001,0.12,0.006
21000,1000000,22000,5.59,0.272,2.176,0.0001,0.113,0.008
21000,1000000,22000,5.59,0.274,1.762,0.0001,0.12,0.006
21000,1000000,23000,5.6,0.268,1.761,0.0001,0.123,0.007
21000,1000000,23000,5.6,0.272,1.743,0.0001,0.123,0.006
21000,1000000,23000,5.61,0.268,1.696,0.0001,0.118,0.006
21000,1000000,23000,5.61,0.272,1.82,0.0001,0.12,0.007
21000,1000000,23000,5.62,0.27,2.136,0.0001,0.113,0.006
21000,1000000,23000,5.62,0.276,1.868,0.0001,0.115,0.006
21000,1000000,23000,5.63,0.271,1.882,0.0001,0.121,0.011
21000,1000000,23000,5.64,0.274,2.126,0.0001,0.112,0.008
21000,1000000,23000,5.64,0.265,1.732,0.0001,0.111,0.006
21000,1000000,23000,5.65,0.273,1.765,0.0001,0.123,0.009
21000,1000000,23000,5.65,0.265,1.668,0.0001,0.115,0.006
21000,1000000,23000,5.66,0.272,2.019,0.0001,0.109,0.007
21000,1000000,23000,5.66,0.266,1.722,0.0001,0.117,0.009
21000,1000000,23000,5.67,0.275,1.785,0.0001,0.112,0.006
21000,1000000,23000,5.67,0.267,1.85,0.0001,0.107,0.006
21000,1000000,23000,5.68,0.28,1.887,0.0001,0.121,0.006
21000,1000000,23000,5.68,0.266,1.644,0.0001,0.112,0.007
21000,1000000,23000,5.69,0.271,1.7,0.0001,0.109,0.006
21000,1000000,23000,5.69,0.267,1.652,0.0001,0.109,0.006
21000,1000000,23000,5.7,0.266,1.794,0.0001,0.117,0.01
21000,1000000,23000,5.7,0.264,1.928,0.0001,0.11,0.005
21000,1000000,23000,5.71,0.282,1.864,0.0001,0.113,0.005
22000,1000000,23000,5.71,0.264,1.847,0.0001,0.117,0.009
22000,1000000,23000,5.72,0.276,1.871,0.0001,0.106,0.006
22000,1000000,23000,5.73,0.278,1.894,0.0001,0.11,0.007
22000,1000000,23000,5.73,0.267,1.754,0.0001,0.112,0.008
22000,1000000,23000,5.74,0.257,2.05,0.0001,0.106,0.005
22000,1000000,23000,5.74,0.271,1.719,0.0001,0.115,0.005
22000,1000000,23000,5.75,0.266,1.665,0.0001,0.123,0.005
22000,1000000,23000,5.75,0.27,1.637,0.0001,0.114,0.006
22000,1000000,23000,5.76,0.271,1.652,0.0001,0.118,0.008
22000,1000000,23000,5.76,0.266,1.814,0.0001,0.112,0.005
22000,1000000,23000,5.77,0.274,1.806,0.0001,0.119,0.008
22000,1000000,23000,5.77,0.272,1.838,0.0001,0.122,0.006
22000,1000000,23000,5.78,0.272,2.014,0.0001,0.113,0.007
22000,1000000,23000,5.78,0.264,1.687,0.0001,0.116,0.007
22000,1000000,23000,5.79,0.267,1.712,0.0001,0.113,0.007
22000,1000000,23000,5.79,0.267,1.746,0.0001,0.108,0.006
22000,1000000,23000,5.8,0.269,1.812,0.0001,0.117,0.006
22000,1000000,23000,5.81,0.266,2.014,0.0001,0.118,0.006
22000,1000000,23000,5.81,0.266,1.938,0.0001,0.112,0.006
22000,1000000,23000,5.82,0.277,1.988,0.0001,0.123,0.006
22000,1000000,23000,5.82,0.264,1.785,0.0001,0.113,0.006
22000,1000000,23000,5.83,0.263,1.814,0.0001,0.113,0.006
22000,1000000,23000,5.83,0.268,1.883,0.0001,0.112,0.007
22000,1000000,23000,5.84,0.273,1.865,0.0001,0.116,0.006
22000,1000000,23000,5.84,0.27,1.928,0.0001,0.121,0.006
22000,1000000,24000,5.85,0.269,1.838,0.0001,0.118,0.006
22000,1000000,24000,5.85,0.269,1.732,0.0001,0.113,0.006
22000,1000000,24000,5.86,0.267,1.84,0.0001,0.126,0.006
22000,1000000,24000,5.86,0.268,1.809,0.0001,0.12,0.006
22000,1000000,24000,5.87,0.27,1.839,0.0001,0.125,0.006
22000,1000000,24000,5.87,0.269,1.749,0.0001,0.116,0.006
22000,1000000,24000,5.88,0.286,1.816,0.0001,0.13,0.007
22000,1000000,24000,5.89,0.275,2.061,0.0001,0.124,0.006
22000,1000000,24000,5.89,0.271,2.027,0.0001,0.115,0.009
22000,1000000,24000,5.9,0.273,2.278,0.0001,0.115,0.007
22000,1000000,24000,5.9,0.265,2.257,0.0001,0.109,0.006
22000,1000000,24000,5.91,0.269,2.038,0.0001,0.121,0.009
22000,1000000,24000,5.91,0.27,1.745,0.0001,0.114,0.006
22000,1000000,24000,5.92,0.26,1.545,0.0001,0.112,0.007
22000,1000000,24000,5.92,0.267,1.871,0.0001,0.121,0.009
22000,1000000,24000,5.93,0.271,1.599,0.0001,0.11,0.008
22000,1000000,24000,5.93,0.263,1.531,0.0001,0.109,0.006
22000,1000000,24000,5.94,0.276,2.477,0.0001,0.119,0.008
22000,1000000,24000,5.94,0.27,1.903,0.0001,0.113,0.006
22000,1000000,24000,5.95,0.276,1.758,0.0001,0.108,0.007
22000,1000000,24000,5.95,0.263,1.93,0.0001,0.117,0.006
22000,1000000,24000,5.96,0.27,1.863,0.0001,0.122,0.009
22000,1000000,24000,5.96,0.274,2.082,0.0001,0.109,0.006
22000,1000000,24000,5.97,0.277,1.741,0.0001,0.11,0.007
22000,1000000,24000,5.98,0.267,1.688,0.0001,0.12,0.009
22000,1000000,24000,5.98,0.265,2.368,0.0001,0.106,0.006
23000,1000000,24000,5.99,0.276,1.892,0.0001,0.118,0.008
23000,1000000,24000,5.99,0.272,1.803,0.0001,0.119,0.008
23000,1000000,24000,6.0,0.272,1.854,0.0001,0.107,0.005
23000,1000000,24000,6.0,0.269,1.839,0.0001,0.099,0.094
23000,1000000,24000,6.01,0.261,1.669,0.0001,0.108,0.006
23000,1000000,24000,6.01,0.268,1.762,0.0001,0.108,0.006
23000,1000000,24000,6.02,0.258,1.667,0.0001,0.111,0.007
23000,1000000,24000,6.02,0.258,1.77,0.0001,0.118,0.007
23000,1000000,24000,6.03,0.26,1.772,0.0001,0.117,0.006
23000,1000000,24000,6.03,0.268,2.097,0.0001,0.113,0.006
23000,1000000,24000,6.04,0.262,1.771,0.0001,0.119,0.005
23000,1000000,24000,6.04,0.263,1.707,0.0001,0.113,0.005
23000,1000000,24000,6.05,0.264,1.831,0.0001,0.113,0.005
23000,1000000,24000,6.06,0.265,1.799,0.0001,0.11,0.005
23000,1000000,24000,6.06,0.26,1.71,0.0001,0.115,0.006
23000,1000000,24000,6.07,0.262,1.528,0.0001,0.114,0.005
23000,1000000,24000,6.07,0.264,1.618,0.0001,0.114,0.008
23000,1000000,24000,6.08,0.254,1.629,0.0001,0.121,0.008
23000,1000000,24000,6.08,0.259,1.593,0.0001,0.116,0.005
23000,1000000,24000,6.09,0.26,1.635,0.0001,0.108,0.006
23000,1000000,24000,6.09,0.257,1.681,0.0001,0.112,0.006
23000,1000000,25000,6.1,0.262,1.888,0.0001,0.119,0.006
23000,1000000,25000,6.1,0.254,1.66,0.0001,0.118,0.006
23000,1000000,25000,6.11,0.261,1.91,0.0001,0.119,0.006
23000,1000000,25000,6.11,0.255,1.569,0.0001,0.119,0.006
23000,1000000,25000,6.12,0.26,1.632,0.0001,0.113,0.005
23000,1000000,25000,6.12,0.263,1.84,0.0001,0.118,0.006
23000,1000000,25000,6.13,0.26,1.821,0.0001,0.119,0.006
23000,1000000,25000,6.13,0.267,1.823,0.0001,0.115,0.007
23000,1000000,25000,6.14,0.261,1.654,0.0001,0.115,0.006
23000,1000000,25000,6.15,0.261,1.583,0.0001,0.114,0.008
23000,1000000,25000,6.15,0.255,1.649,0.0001,0.111,0.007
23000,1000000,25000,6.16,0.26,1.629,0.0001,0.121,0.009
23000,1000000,25000,6.16,0.265,1.856,0.0001,0.105,0.005
23000,1000000,25000,6.17,0.262,1.917,0.0001,0.11,0.008
23000,1000000,25000,6.17,0.259,1.621,0.0001,0.116,0.007
23000,1000000,25000,6.18,0.258,1.54,0.0001,0.117,0.008
23000,1000000,25000,6.18,0.264,1.615,0.0001,0.108,0.006
23000,1000000,25000,6.19,0.263,1.79,0.0001,0.11,0.006
23000,1000000,25000,6.19,0.267,1.724,0.0001,0.123,0.008
23000,1000000,25000,6.2,0.261,1.698,0.0001,0.114,0.006
23000,1000000,25000,6.2,0.26,1.824,0.0001,0.112,0.006
23000,1000000,25000,6.21,0.261,1.919,0.0001,0.12,0.009
23000,1000000,25000,6.21,0.264,1.795,0.0001,0.112,0.006
23000,1000000,25000,6.22,0.265,1.95,0.0001,0.115,0.006
23000,1000000,25000,6.23,0.265,1.649,0.0001,0.102,0.007
23000,2000000,25000,6.23,0.257,1.547,0.0001,0.117,0.01
23000,2000000,25000,6.24,0.26,1.741,0.0001,0.109,0.005
23000,2000000,25000,6.24,0.258,1.823,0.0001,0.116,0.005
24000,2000000,25000,6.25,0.259,1.887,0.0001,0.12,0.008
24000,2000000,25000,6.25,0.258,1.853,0.0001,0.108,0.005
24000,2000000,25000,6.26,0.264,2.768,0.0001,0.118,0.007
24000,2000000,25000,6.26,0.27,6.033,0.0001,0.111,0.006
24000,2000000,25000,6.27,0.262,4.266,0.0001,0.109,0.006
24000,2000000,25000,6.27,0.258,2.164,0.0001,0.115,0.005
24000,2000000,25000,6.28,0.262,1.9,0.0001,0.113,0.007
24000,2000000,25000,6.28,0.26,1.623,0.0001,0.118,0.006
24000,2000000,25000,6.29,0.263,1.591,0.0001,0.119,0.006
24000,2000000,25000,6.29,0.255,1.676,0.0001,0.119,0.007
24000,2000000,25000,6.3,0.254,1.624,0.0001,0.114,0.005
24000,2000000,25000,6.31,0.265,2.049,0.0001,0.117,0.006
24000,2000000,25000,6.31,0.267,1.594,0.0001,0.113,0.005
24000,2000000,25000,6.32,0.256,1.509,0.0001,0.118,0.005
24000,2000000,25000,6.32,0.262,1.568,0.0001,0.115,0.005
24000,2000000,25000,6.33,0.262,1.475,0.0001,0.119,0.005
24000,2000000,25000,6.33,0.261,1.72,0.0001,0.118,0.005
24000,2000000,25000,6.34,0.255,1.631,0.0001,0.113,0.005
24000,2000000,26000,6.34,0.265,1.691,0.0001,0.115,0.009
24000,2000000,26000,6.35,0.264,1.685,0.0001,0.121,0.005
24000,2000000,26000,6.35,0.259,1.538,0.0001,0.113,0.009
24000,2000000,26000,6.36,0.262,1.583,0.0001,0.117,0.006
24000,2000000,26000,6.36,0.259,1.495,0.0001,0.118,0.007
24000,2000000,26000,6.37,0.261,1.831,0.0001,0.121,0.006
24000,2000000,26000,6.37,0.256,1.673,0.0001,0.116,0.005
24000,2000000,26000,6.38,0.264,1.666,0.0001,0.121,0.007
24000,2000000,26000,6.38,0.265,1.654,0.0001,0.109,0.006
24000,2000000,26000,6.39,0.266,1.68,0.0001,0.121,0.006
24000,2000000,26000,6.4,0.258,1.634,0.0001,0.118,0.006
24000,2000000,26000,6.4,0.263,1.831,0.0001,0.121,0.006
24000,2000000,26000,6.41,0.262,1.51,0.0001,0.116,0.006
24000,2000000,26000,6.41,0.257,1.912,0.0001,0.114,0.007
24000,2000000,26000,6.42,0.26,1.715,0.0001,0.117,0.006
24000,2000000,26000,6.42,0.261,1.682,0.0001,0.109,0.006
24000,2000000,26000,6.43,0.258,1.642,0.0001,0.122,0.01
24000,2000000,26000,6.43,0.264,1.702,0.0001,0.109,0.006
24000,2000000,26000,6.44,0.259,1.623,0.0001,0.115,0.008
24000,2000000,26000,6.44,0.263,1.685,0.0001,0.122,0.007
24000,2000000,26000,6.45,0.248,1.594,0.0001,0.107,0.006
24000,2000000,26000,6.45,0.258,1.47,0.0001,0.114,0.007
24000,2000000,26000,6.46,0.253,1.567,0.0001,0.122,0.009
24000,2000000,26000,6.46,0.258,1.511,0.0001,0.113,0.006
24000,2000000,26000,6.47,0.262,1.866,0.0001,0.108,0.006
24000,2000000,26000,6.48,0.264,1.679,0.0001,0.116,0.008
24000,2000000,26000,6.48,0.255,1.491,0.0001,0.116,0.007
24000,2000000,26000,6.49,0.254,1.68,0.0001,0.109,0.007
24000,2000000,26000,6.49,0.264,1.669,0.0001,0.113,0.007
24000,2000000,26000,6.5,0.26,1.603,0.0001,0.123,0.01
24000,2000000,26000,6.5,0.259,1.716,0.0001,0.114,0.006
24000,2000000,26000,6.51,0.251,1.477,0.0001,0.117,0.006
24000,2000000,26000,6.51,0.26,1.592,0.0001,0.121,0.007
25000,2000000,26000,6.52,0.257,1.527,0.0001,0.11,0.005
25000,2000000,26000,6.52,0.245,1.588,0.0001,0.112,0.006
25000,2000000,26000,6.53,0.263,1.526,0.0001,0.11,0.005
25000,2000000,26000,6.53,0.254,1.522,0.0001,0.116,0.006
25000,2000000,26000,6.54,0.263,1.7,0.0001,0.113,0.009
25000,2000000,26000,6.54,0.26,1.583,0.0001,0.119,0.006
25000,2000000,26000,6.55,0.256,1.564,0.0001,0.124,0.006
25000,2000000,26000,6.55,0.256,1.952,0.0001,0.109,0.006
25000,2000000,26000,6.56,0.261,1.958,0.0001,0.122,0.006
25000,2000000,26000,6.57,0.258,1.871,0.0001,0.122,0.005
25000,2000000,26000,6.57,0.263,1.9,0.0001,0.115,0.006
25000,2000000,26000,6.58,0.259,1.736,0.0001,0.114,0.007
25000,2000000,26000,6.58,0.255,1.67,0.0001,0.115,0.006
25000,2000000,26000,6.59,0.265,1.62,0.0001,0.114,0.006
25000,2000000,27000,6.59,0.26,1.737,0.0001,0.119,0.006
25000,2000000,27000,6.6,0.257,1.638,0.0001,0.112,0.005
25000,2000000,27000,6.6,0.265,1.731,0.0001,0.116,0.008
25000,2000000,27000,6.61,0.254,1.734,0.0001,0.117,0.006
25000,2000000,27000,6.61,0.253,1.78,0.0001,0.12,0.006
25000,2000000,27000,6.62,0.264,1.655,0.0001,0.121,0.006
25000,2000000,27000,6.62,0.258,1.685,0.0001,0.116,0.006
25000,2000000,27000,6.63,0.258,1.76,0.0001,0.114,0.006
25000,2000000,27000,6.63,0.261,1.632,0.0001,0.122,0.007
25000,2000000,27000,6.64,0.256,1.76,0.0001,0.118,0.006
25000,2000000,27000,6.65,0.263,1.633,0.0001,0.111,0.006
25000,2000000,27000,6.65,0.26,1.574,0.0001,0.107,0.006
25000,2000000,27000,6.66,0.249,1.47,0.0001,0.116,0.007
25000,2000000,27000,6.66,0.257,1.765,0.0001,0.118,0.007
25000,2000000,27000,6.67,0.257,1.897,0.0001,0.117,0.005
25000,2000000,27000,6.67,0.25,1.75,0.0001,0.111,0.008
25000,2000000,27000,6.68,0.26,1.951,0.0001,0.117,0.008
25000,2000000,27000,6.68,0.26,1.703,0.0001,0.113,0.007
25000,2000000,27000,6.69,0.258,1.792,0.0001,0.115,0.006
25000,2000000,27000,6.69,0.248,1.588,0.0001,0.108,0.007
25000,2000000,27000,6.7,0.258,1.596,0.0001,0.107,0.008
25000,2000000,27000,6.7,0.255,1.689,0.0001,0.121,0.01
25000,2000000,27000,6.71,0.254,1.61,0.0001,0.117,0.007
25000,2000000,27000,6.71,0.252,1.529,0.0001,0.108,0.007
25000,2000000,27000,6.72,0.257,1.579,0.0001,0.121,0.009
25000,2000000,27000,6.73,0.259,1.552,0.0001,0.115,0.006
25000,2000000,27000,6.73,0.25,1.701,0.0001,0.115,0.006
25000,2000000,27000,6.74,0.254,1.674,0.0001,0.121,0.007
25000,2000000,27000,6.74,0.254,1.851,0.0001,0.119,0.005
25000,2000000,27000,6.75,0.26,1.664,0.0001,0.119,0.006
25000,2000000,27000,6.75,0.249,1.795,0.0001,0.124,0.008
25000,2000000,27000,6.76,0.255,1.56,0.0001,0.115,0.006
25000,2000000,27000,6.76,0.256,2.057,0.0001,0.12,0.007
25000,2000000,27000,6.77,0.258,1.934,0.0001,0.12,0.008
25000,2000000,27000,6.77,0.249,1.789,0.0001,0.114,0.006
26000,2000000,27000,6.78,0.258,1.723,0.0001,0.116,0.005
26000,2000000,27000,6.78,0.258,1.741,0.0001,0.123,0.008
26000,2000000,27000,6.79,0.249,1.567,0.0001,0.115,0.005
26000,2000000,27000,6.79,0.247,1.685,0.0001,0.126,0.006
26000,2000000,27000,6.8,0.264,1.812,0.0001,0.122,0.007
26000,2000000,27000,6.8,0.255,1.603,0.0001,0.121,0.006
26000,2000000,27000,6.81,0.255,1.575,0.0001,0.122,0.006
26000,2000000,27000,6.82,0.252,1.767,0.0001,0.123,0.006
26000,2000000,27000,6.82,0.259,1.697,0.0001,0.115,0.006
26000,2000000,27000,6.83,0.266,2.323,0.0001,0.118,0.005
26000,2000000,27000,6.83,0.255,1.684,0.0001,0.111,0.007
26000,2000000,27000,6.84,0.254,1.708,0.0001,0.114,0.006
26000,2000000,28000,6.84,0.259,1.878,0.0001,0.115,0.006
26000,2000000,28000,6.85,0.251,1.579,0.0001,0.117,0.006
26000,2000000,28000,6.85,0.251,1.59,0.0001,0.113,0.006
26000,2000000,28000,6.86,0.26,1.493,0.0001,0.115,0.007
26000,2000000,28000,6.86,0.253,1.755,0.0001,0.113,0.005
26000,2000000,28000,6.87,0.26,1.899,0.0001,0.116,0.006
26000,2000000,28000,6.87,0.261,1.803,0.0001,0.112,0.005
26000,2000000,28000,6.88,0.254,1.758,0.0001,0.123,0.007
26000,2000000,28000,6.88,0.259,1.736,0.0001,0.119,0.007
26000,2000000,28000,6.89,0.252,1.724,0.0001,0.12,0.007
26000,2000000,28000,6.9,0.253,1.724,0.0001,0.107,0.007
26000,2000000,28000,6.9,0.258,1.705,0.0001,0.11,0.005
26000,2000000,28000,6.91,0.257,1.713,0.0001,0.119,0.006
26000,2000000,28000,6.91,0.261,1.941,0.0001,0.103,0.005
26000,2000000,28000,6.92,0.256,1.877,0.0001,0.107,0.006
26000,2000000,28000,6.92,0.256,1.787,0.0001,0.116,0.005
26000,2000000,28000,6.93,0.258,1.714,0.0001,0.12,0.006
26000,2000000,28000,6.93,0.259,1.675,0.0001,0.115,0.006
26000,2000000,28000,6.94,0.249,1.691,0.0001,0.118,0.008
26000,2000000,28000,6.94,0.255,1.796,0.0001,0.114,0.006
26000,2000000,28000,6.95,0.254,1.837,0.0001,0.113,0.006
26000,2000000,28000,6.95,0.255,1.607,0.0001,0.118,0.006
26000,2000000,28000,6.96,0.259,1.734,0.0001,0.11,0.006
26000,2000000,28000,6.96,0.256,1.829,0.0001,0.124,0.008
26000,2000000,28000,6.97,0.264,1.722,0.0001,0.11,0.007
26000,2000000,28000,6.97,0.252,1.56,0.0001,0.112,0.006
26000,2000000,28000,6.98,0.256,1.806,0.0001,0.122,0.006
26000,2000000,28000,6.99,0.252,1.659,0.0001,0.117,0.009
26000,2000000,28000,6.99,0.258,1.746,0.0001,0.117,0.008
26000,2000000,28000,7.0,0.258,1.619,0.0001,0.109,0.007
26000,2000000,28000,7.0,0.257,1.624,0.0001,0.114,0.009
26000,2000000,28000,7.01,0.258,1.988,0.0001,0.113,0.098
26000,2000000,28000,7.01,0.257,1.688,0.0001,0.117,0.01
26000,2000000,28000,7.02,0.257,1.832,0.0001,0.11,0.005
26000,2000000,28000,7.02,0.253,1.858,0.0001,0.11,0.006
26000,2000000,28000,7.03,0.254,1.773,0.0001,0.121,0.008
26000,2000000,28000,7.03,0.251,1.667,0.0001,0.111,0.006
26000,2000000,28000,7.04,0.255,1.786,0.0001,0.107,0.006
26000,2000000,28000,7.04,0.249,1.792,0.0001,0.126,0.008
27000,2000000,28000,7.05,0.247,1.611,0.0001,0.112,0.005
27000,2000000,28000,7.05,0.242,1.745,0.0001,0.115,0.006
27000,2000000,28000,7.06,0.249,1.666,0.0001,0.115,0.007
27000,2000000,28000,7.07,0.246,1.63,0.0001,0.105,0.006
27000,2000000,28000,7.07,0.249,1.654,0.0001,0.108,0.007
27000,2000000,28000,7.08,0.251,1.681,0.0001,0.119,0.005
27000,2000000,28000,7.08,0.247,1.641,0.0001,0.112,0.006
27000,2000000,28000,7.09,0.246,1.565,0.0001,0.118,0.007
27000,2000000,29000,7.09,0.248,1.545,0.0001,0.112,0.007
27000,2000000,29000,7.1,0.25,1.636,0.0001,0.117,0.007
27000,2000000,29000,7.1,0.245,1.621,0.0001,0.113,0.005
27000,2000000,29000,7.11,0.247,1.631,0.0001,0.115,0.007
27000,2000000,29000,7.11,0.251,1.679,0.0001,0.111,0.006
27000,2000000,29000,7.12,0.254,1.605,0.0001,0.112,0.008
27000,2000000,29000,7.12,0.244,1.67,0.0001,0.114,0.006
27000,2000000,29000,7.13,0.248,1.622,0.0001,0.113,0.006
27000,2000000,29000,7.13,0.252,1.923,0.0001,0.119,0.005
27000,2000000,29000,7.14,0.253,1.73,0.0001,0.112,0.007
27000,2000000,29000,7.15,0.248,1.745,0.0001,0.119,0.006
27000,2000000,29000,7.15,0.254,1.643,0.0001,0.115,0.007
27000,2000000,29000,7.16,0.255,1.712,0.0001,0.122,0.007
27000,2000000,29000,7.16,0.247,1.736,0.0001,0.118,0.007
27000,2000000,29000,7.17,0.252,1.603,0.0001,0.123,0.006
27000,2000000,29000,7.17,0.245,1.8,0.0001,0.116,0.006
27000,2000000,29000,7.18,0.245,1.593,0.0001,0.12,0.006
27000,2000000,29000,7.18,0.255,1.489,0.0001,0.11,0.006
27000,2000000,29000,7.19,0.245,1.559,0.0001,0.112,0.008
27000,2000000,29000,7.19,0.243,1.524,0.0001,0.116,0.006
27000,2000000,29000,7.2,0.252,1.887,0.0001,0.119,0.006
27000,2000000,29000,7.2,0.248,1.616,0.0001,0.12,0.006
27000,2000000,29000,7.21,0.245,1.521,0.0001,0.122,0.006
27000,2000000,29000,7.21,0.246,1.723,0.0001,0.111,0.006
27000,2000000,29000,7.22,0.251,1.962,0.0001,0.113,0.007
27000,2000000,29000,7.22,0.257,1.752,0.0001,0.113,0.008
27000,2000000,29000,7.23,0.252,1.908,0.0001,0.123,0.008
27000,2000000,29000,7.24,0.251,1.783,0.0001,0.11,0.008
27000,2000000,29000,7.24,0.252,1.752,0.0001,0.126,0.007
27000,2000000,29000,7.25,0.256,1.64,0.0001,0.131,0.009
27000,2000000,29000,7.25,0.247,1.828,0.0001,0.12,0.006
27000,2000000,29000,7.26,0.247,1.894,0.0001,0.128,0.006
27000,2000000,29000,7.26,0.251,1.832,0.0001,0.128,0.008
27000,2000000,29000,7.27,0.248,1.636,0.0001,0.12,0.008
27000,2000000,29000,7.27,0.254,1.733,0.0001,0.116,0.006
27000,2000000,29000,7.28,0.248,1.667,0.0001,0.131,0.008
27000,2000000,29000,7.28,0.254,1.64,0.0001,0.127,0.006
27000,2000000,29000,7.29,0.246,1.766,0.0001,0.128,0.01
27000,2000000,29000,7.29,0.247,1.673,0.0001,0.116,0.007
27000,2000000,29000,7.3,0.24,1.508,0.0001,0.123,0.007
27000,2000000,29000,7.3,0.243,1.644,0.0001,0.127,0.008
28000,2000000,29000,7.31,0.249,1.478,0.0001,0.118,0.006
28000,2000000,29000,7.32,0.245,1.608,0.0001,0.118,0.006
28000,2000000,29000,7.32,0.243,1.563,0.0001,0.122,0.007
28000,2000000,29000,7.33,0.251,1.633,0.0001,0.121,0.007
28000,2000000,29000,7.33,0.243,1.636,0.0001,0.118,0.006
28000,2000000,29000,7.34,0.247,1.74,0.0001,0.114,0.006
28000,2000000,30000,7.34,0.252,1.758,0.0001,0.115,0.005
28000,2000000,30000,7.35,0.251,1.725,0.0001,0.115,0.006
28000,2000000,30000,7.35,0.248,1.664,0.0001,0.113,0.006
28000,2000000,30000,7.36,0.249,1.614,0.0001,0.113,0.005
28000,2000000,30000,7.36,0.245,1.645,0.0001,0.112,0.006
28000,2000000,30000,7.37,0.25,1.923,0.0001,0.114,0.007
28000,2000000,30000,7.37,0.246,1.633,0.0001,0.113,0.009
28000,2000000,30000,7.38,0.244,1.7,0.0001,0.11,0.006
28000,2000000,30000,7.38,0.241,1.837,0.0001,0.116,0.006
28000,2000000,30000,7.39,0.252,1.762,0.0001,0.127,0.006
28000,2000000,30000,7.39,0.248,1.537,0.0001,0.12,0.006
28000,2000000,30000,7.4,0.249,1.664,0.0001,0.123,0.006
28000,2000000,30000,7.41,0.245,1.515,0.0001,0.116,0.006
28000,2000000,30000,7.41,0.246,1.567,0.0001,0.12,0.007
28000,2000000,30000,7.42,0.24,1.818,0.0001,0.123,0.006
28000,2000000,30000,7.42,0.253,1.83,0.0001,0.116,0.006
28000,2000000,30000,7.43,0.245,1.616,0.0001,0.123,0.007
28000,2000000,30000,7.43,0.246,1.728,0.0001,0.124,0.006
28000,2000000,30000,7.44,0.25,1.692,0.0001,0.119,0.006
28000,2000000,30000,7.44,0.246,1.571,0.0001,0.12,0.007
28000,2000000,30000,7.45,0.247,1.708,0.0001,0.114,0.006
28000,2000000,30000,7.45,0.248,1.649,0.0001,0.117,0.006
28000,2000000,30000,7.46,0.239,1.574,0.0001,0.116,0.006
28000,2000000,30000,7.46,0.251,1.757,0.0001,0.119,0.007
28000,2000000,30000,7.47,0.248,1.495,0.0001,0.116,0.006
28000,2000000,30000,7.47,0.246,1.546,0.0001,0.121,0.006
28000,2000000,30000,7.48,0.248,1.684,0.0001,0.114,0.006
28000,2000000,30000,7.49,0.248,1.713,0.0001,0.115,0.006
28000,2000000,30000,7.49,0.244,1.528,0.0001,0.111,0.009
28000,2000000,30000,7.5,0.248,1.564,0.0001,0.121,0.009
28000,2000000,30000,7.5,0.242,1.67,0.0001,0.107,0.006
28000,2000000,30000,7.51,0.247,1.697,0.0001,0.113,0.007
28000,2000000,30000,7.51,0.252,1.78,0.0001,0.123,0.007
28000,2000000,30000,7.52,0.247,1.905,0.0001,0.117,0.008
28000,2000000,30000,7.52,0.245,1.74,0.0001,0.107,0.008
28000,2000000,30000,7.53,0.244,1.647,0.0001,0.116,0.012
28000,2000000,30000,7.53,0.247,1.7,0.0001,0.116,0.009
28000,2000000,30000,7.54,0.249,1.949,0.0001,0.12,0.005
28000,2000000,30000,7.54,0.251,1.723,0.0001,0.123,0.007
28000,2000000,30000,7.55,0.246,1.617,0.0001,0.114,0.006
28000,2000000,30000,7.55,0.251,1.663,0.0001,0.114,0.006
28000,2000000,30000,7.56,0.249,1.596,0.0001,0.121,0.009
28000,2000000,30000,7.56,0.246,1.56,0.0001,0.109,0.005
28000,2000000,30000,7.57,0.248,1.727,0.0001,0.122,0.006
28000,2000000,30000,7.58,0.246,1.685,0.0001,0.125,0.008
29000,2000000,30000,7.58,0.243,1.785,0.0001,0.116,0.006
29000,2000000,31000,7.59,0.244,1.848,0.0001,0.118,0.006
29000,2000000,31000,7.59,0.249,1.6,0.0001,0.126,0.008
29000,2000000,31000,7.6,0.247,1.657,0.0001,0.119,0.006
29000,2000000,31000,7.6,0.251,1.782,0.0001,0.116,0.007
29000,2000000,31000,7.61,0.248,1.653,0.0001,0.112,0.006
29000,2000000,31000,7.61,0.248,1.596,0.0001,0.114,0.008
29000,2000000,31000,7.62,0.246,1.682,0.0001,0.115,0.005
29000,2000000,31000,7.62,0.244,1.664,0.0001,0.115,0.005
29000,2000000,31000,7.63,0.245,1.69,0.0001,0.119,0.006
29000,2000000,31000,7.63,0.245,1.738,0.0001,0.12,0.008
29000,2000000,31000,7.64,0.249,1.818,0.0001,0.117,0.006
29000,2000000,31000,7.64,0.249,1.646,0.0001,0.115,0.006
29000,2000000,31000,7.65,0.241,1.654,0.0001,0.123,0.006
29000,2000000,31000,7.66,0.243,1.993,0.0001,0.121,0.006
29000,2000000,31000,7.66,0.25,1.827,0.0001,0.125,0.006
29000,2000000,31000,7.67,0.246,1.602,0.0001,0.117,0.008
29000,2000000,31000,7.67,0.245,1.687,0.0001,0.115,0.007
29000,2000000,31000,7.68,0.241,1.691,0.0001,0.126,0.009
29000,2000000,31000,7.68,0.252,1.68,0.0001,0.124,0.007
29000,2000000,31000,7.69,0.243,1.608,0.0001,0.117,0.005
29000,2000000,31000,7.69,0.245,1.488,0.0001,0.115,0.006
29000,2000000,31000,7.7,0.242,1.564,0.0001,0.118,0.006
29000,2000000,31000,7.7,0.249,1.666,0.0001,0.116,0.006
29000,2000000,31000,7.71,0.239,1.638,0.0001,0.12,0.007
29000,2000000,31000,7.71,0.24,1.411,0.0001,0.107,0.006
29000,2000000,31000,7.72,0.245,1.736,0.0001,0.119,0.006
29000,2000000,31000,7.72,0.242,1.515,0.0001,0.122,0.005
29000,2000000,31000,7.73,0.246,1.491,0.0001,0.117,0.008
29000,2000000,31000,7.74,0.246,1.595,0.0001,0.115,0.008
29000,2000000,31000,7.74,0.243,1.532,0.0001,0.11,0.005
29000,2000000,31000,7.75,0.244,1.607,0.0001,0.118,0.007
29000,2000000,31000,7.75,0.245,1.625,0.0001,0.111,0.006
29000,2000000,31000,7.76,0.246,1.537,0.0001,0.122,0.008
29000,2000000,31000,7.76,0.248,1.579,0.0001,0.124,0.007
29000,2000000,31000,7.77,0.243,1.586,0.0001,0.124,0.006
29000,2000000,31000,7.77,0.24,1.785,0.0001,0.13,0.01
29000,2000000,31000,7.78,0.244,1.799,0.0001,0.128,0.006
29000,2000000,31000,7.78,0.245,1.688,0.0001,0.129,0.009
29000,2000000,31000,7.79,0.241,1.761,0.0001,0.122,0.005
29000,2000000,31000,7.79,0.241,1.578,0.0001,0.122,0.006
29000,2000000,31000,7.8,0.242,1.698,0.0001,0.122,0.011
29000,2000000,31000,7.8,0.245,1.67,0.0001,0.118,0.006
29000,2000000,31000,7.81,0.244,1.656,0.0001,0.123,0.006
29000,2000000,31000,7.81,0.242,1.666,0.0001,0.132,0.009
29000,2000000,31000,7.82,0.243,1.607,0.0001,0.121,0.005
29000,2000000,31000,7.83,0.241,1.747,0.0001,0.134,0.008
29000,2000000,31000,7.83,0.241,1.753,0.0001,0.118,0.009
29000,2000000,32000,7.84,0.244,1.664,0.0001,0.12,0.008
30000,2000000,32000,7.84,0.245,1.651,0.0001,0.123,0.006
30000,2000000,32000,7.85,0.24,1.656,0.0001,0.12,0.006
30000,2000000,32000,7.85,0.239,1.45,0.0001,0.124,0.006
30000,2000000,32000,7.86,0.242,2.11,0.0001,0.119,0.005
30000,2000000,32000,7.86,0.238,1.675,0.0001,0.121,0.007
30000,2000000,32000,7.87,0.243,1.573,0.0001,0.118,0.005
30000,2000000,32000,7.87,0.244,1.543,0.0001,0.112,0.007
30000,2000000,32000,7.88,0.244,1.623,0.0001,0.108,0.008
30000,2000000,32000,7.88,0.247,1.548,0.0001,0.111,0.006
30000,2000000,32000,7.89,0.238,1.615,0.0001,0.11,0.005
30000,2000000,32000,7.89,0.246,1.704,0.0001,0.111,0.005
30000,2000000,32000,7.9,0.252,1.753,0.0001,0.117,0.006
30000,2000000,32000,7.91,0.251,1.584,0.0001,0.117,0.006
30000,2000000,32000,7.91,0.245,1.691,0.0001,0.115,0.005
30000,2000000,32000,7.92,0.246,1.772,0.0001,0.117,0.006
30000,2000000,32000,7.92,0.24,1.746,0.0001,0.116,0.006
30000,2000000,32000,7.93,0.244,1.816,0.0001,0.114,0.007
30000,2000000,32000,7.93,0.25,2.002,0.0001,0.122,0.006
30000,2000000,32000,7.94,0.242,1.724,0.0001,0.118,0.006
30000,2000000,32000,7.94,0.247,1.764,0.0001,0.123,0.006
30000,2000000,32000,7.95,0.248,1.855,0.0001,0.117,0.008
30000,2000000,32000,7.95,0.249,1.842,0.0001,0.11,0.005
30000,2000000,32000,7.96,0.249,1.709,0.0001,0.114,0.006
30000,2000000,32000,7.96,0.238,1.702,0.0001,0.12,0.007
30000,2000000,32000,7.97,0.241,1.575,0.0001,0.123,0.007
30000,2000000,32000,7.97,0.244,1.622,0.0001,0.119,0.005
